
-- Dumping database structure for db_lj_clinic
DROP DATABASE IF EXISTS `db_lj_clinic`;
CREATE DATABASE IF NOT EXISTS `db_lj_clinic` /*!40100 DEFAULT CHARACTER SET utf8mb4 */;
USE `db_lj_clinic`;

-- Dumping structure for table db_lj_clinic.tbl_announcements
DROP TABLE IF EXISTS `tbl_announcements`;
CREATE TABLE IF NOT EXISTS `tbl_announcements` (
  `id` int(11) NOT NULL AUTO_INCREMENT,
  `title` varchar(50) DEFAULT NULL,
  `description` varchar(150) DEFAULT NULL,
  `effectivity_date` date DEFAULT NULL,
  `is_deleted` int(1) DEFAULT 0 COMMENT '0 for not deleted 1 for deleted',
  `created_at` datetime DEFAULT current_timestamp(),
  `updated_at` datetime DEFAULT NULL ON UPDATE current_timestamp(),
  PRIMARY KEY (`id`)
) ENGINE=InnoDB AUTO_INCREMENT=25 DEFAULT CHARSET=utf8mb4;

-- Dumping data for table db_lj_clinic.tbl_announcements: ~2 rows (approximately)
REPLACE INTO `tbl_announcements` (`id`, `title`, `description`, `effectivity_date`, `is_deleted`, `created_at`, `updated_at`) VALUES
	(23, 'For our respondents', 'Thank you all for participating! :>', '2022-11-19', 0, '2022-11-19 13:45:25', NULL),
	(24, 'Temporary Close', 'Due to scheduled power interruption, the clinic will be temporary close on sunday and will return in monday. See you! ', '2022-11-27', 0, '2022-11-21 16:36:38', NULL);

-- Dumping structure for table db_lj_clinic.tbl_appointments
DROP TABLE IF EXISTS `tbl_appointments`;
CREATE TABLE IF NOT EXISTS `tbl_appointments` (
  `id` int(11) NOT NULL AUTO_INCREMENT,
  `user_id` int(11) DEFAULT 0,
  `complaint` varchar(50) DEFAULT NULL,
  `date_schedule` datetime DEFAULT NULL,
  `age` int(3) DEFAULT 0,
  `service_id` int(2) DEFAULT 0,
  `status` int(1) DEFAULT 0 COMMENT '0 for pending 1 for approve',
  `remarks` varchar(100) DEFAULT NULL,
  `is_completed` int(1) DEFAULT 0,
  `is_cancelled` int(1) DEFAULT 0 COMMENT '1 is for cancelled',
  `created_at` datetime DEFAULT current_timestamp(),
  `updated_at` datetime DEFAULT NULL ON UPDATE current_timestamp(),
  PRIMARY KEY (`id`)
) ENGINE=InnoDB AUTO_INCREMENT=115 DEFAULT CHARSET=utf8mb4;

-- Dumping data for table db_lj_clinic.tbl_appointments: ~72 rows (approximately)
REPLACE INTO `tbl_appointments` (`id`, `user_id`, `complaint`, `date_schedule`, `age`, `service_id`, `status`, `remarks`, `is_completed`, `is_cancelled`, `created_at`, `updated_at`) VALUES
	(42, 1, 'irreg', '2022-11-20 09:00:00', 21, 6, 1, NULL, 1, 0, '2022-11-19 05:36:30', '2022-11-20 01:16:13'),
	(43, 14, 'hghgf', '2022-11-19 09:15:00', 21, 8, 0, NULL, 0, 1, '2022-11-19 06:09:53', '2022-11-19 06:12:14'),
	(44, 16, '3 months po akong di nireregla', '2022-11-19 09:30:00', 21, 1, 1, NULL, 1, 0, '2022-11-19 06:11:32', '2022-11-19 06:16:45'),
	(45, 14, 'Delayed', '2022-11-21 10:30:00', 21, 1, 1, NULL, 1, 0, '2022-11-19 06:13:02', '2022-11-21 02:14:34'),
	(46, 14, 'Continious Bleeding', '2022-11-21 09:30:00', 30, 6, 1, NULL, 1, 0, '2022-11-19 06:14:14', '2022-11-19 06:50:01'),
	(47, 14, 'Bloated', '2022-11-21 13:00:00', 25, 5, 1, NULL, 1, 0, '2022-11-19 06:15:59', '2022-11-21 15:46:33'),
	(48, 17, 'sakit tyan ko huhu', '2022-11-21 09:15:00', 21, 8, 1, 'badeng liit tt', 0, 1, '2022-11-19 06:17:50', '2022-11-19 06:22:37'),
	(49, 19, 'Stomach ache', '2022-11-19 15:30:00', 23, 9, 1, NULL, 1, 0, '2022-11-19 06:29:53', '2022-11-19 06:38:58'),
	(50, 18, 'Delayed', '2022-11-21 14:00:00', 27, 1, 1, NULL, 1, 0, '2022-11-19 06:34:17', '2022-11-21 01:58:28'),
	(51, 17, 'SAKIT TT KO', '2022-11-21 12:45:00', 21, 2, 1, NULL, 1, 0, '2022-11-19 06:39:21', '2022-11-19 06:40:39'),
	(52, 20, 'Delayed 5 months', '2022-11-19 09:45:00', 21, 9, 1, 'period has arrived', 1, 1, '2022-11-19 06:46:14', '2022-11-19 13:13:12'),
	(53, 23, 'Diagnosis', '2022-11-21 10:15:00', 30, 4, 1, NULL, 1, 0, '2022-11-19 07:22:49', '2022-11-21 15:46:51'),
	(54, 24, 'Irregular menstruation', '2022-11-26 09:30:00', 26, 1, 0, 'need of my boan increase :))', 0, 1, '2022-11-19 08:04:42', '2022-11-19 08:10:24'),
	(55, 25, 'Severe Dysmenorrhea', '2022-11-21 10:00:00', 25, 1, 1, NULL, 1, 0, '2022-11-19 08:31:16', '2022-11-19 08:37:23'),
	(56, 24, 'Irregular menstruation ', '2022-11-22 14:00:00', 26, 1, 1, NULL, 1, 0, '2022-11-19 08:34:23', '2022-11-19 08:41:10'),
	(57, 26, 'naglilihi', '2022-11-21 13:45:00', 20, 3, 1, NULL, 1, 0, '2022-11-19 08:39:28', '2022-11-19 08:40:46'),
	(58, 27, 'Delayed for 2weeks ', '2022-11-21 09:00:00', 23, 1, 1, NULL, 1, 0, '2022-11-19 09:28:52', '2022-11-21 02:18:24'),
	(59, 1, 'dysmenorrhea', '2022-11-21 13:15:00', 21, 1, 1, NULL, 1, 0, '2022-11-19 09:36:52', '2022-11-19 16:07:47'),
	(60, 29, 'None', '2022-11-23 10:30:00', 22, 8, 1, NULL, 1, 0, '2022-11-19 10:05:08', '2022-11-23 03:39:46'),
	(61, 28, 'None', '2022-11-21 10:45:00', 20, 1, 1, NULL, 1, 0, '2022-11-19 10:08:41', '2022-11-21 02:03:33'),
	(62, 30, 'PCOS', '2022-11-18 09:15:00', 16, 6, 1, NULL, 1, 0, '2022-11-19 10:47:35', '2022-11-19 13:13:35'),
	(63, 32, 'usto ko na po magkababy', '2022-11-18 10:45:00', 28, 1, 1, NULL, 1, 0, '2022-11-19 11:32:10', '2022-11-19 11:34:48'),
	(64, 21, 'irregular menstruation', '2022-11-21 11:00:00', 22, 1, 1, NULL, 1, 0, '2022-11-19 12:46:09', '2022-11-21 02:14:48'),
	(65, 34, '.', '2022-11-22 09:15:00', 22, 1, 1, NULL, 1, 0, '2022-11-19 12:57:53', '2022-11-22 10:08:07'),
	(66, 35, 'N/A', '2022-11-25 11:00:00', 22, 9, 0, NULL, 0, 1, '2022-11-19 13:02:37', '2022-11-19 13:07:38'),
	(67, 36, 'Painful Periods', '2022-11-22 13:00:00', 47, 1, 1, NULL, 1, 0, '2022-11-19 13:02:40', '2022-11-22 10:08:40'),
	(68, 33, 'delayed', '2022-11-21 09:45:00', 21, 1, 1, NULL, 1, 0, '2022-11-19 13:11:06', '2022-11-21 02:13:47'),
	(69, 37, 'Sumisipa na po yung Baby', '2022-11-19 09:00:00', 23, 1, 1, NULL, 1, 0, '2022-11-19 13:18:35', '2022-11-19 13:53:27'),
	(70, 38, 'Papacheck ko baby ko', '2022-11-21 12:30:00', 23, 5, 1, NULL, 1, 0, '2022-11-19 13:31:51', '2022-11-21 15:46:43'),
	(71, 20, 'delayed', '2022-11-18 10:15:00', 21, 7, 1, NULL, 1, 0, '2022-11-19 16:01:01', '2022-11-19 16:10:54'),
	(72, 14, 'Delayed', '2022-11-18 09:45:00', 21, 1, 1, NULL, 1, 0, '2022-11-19 16:01:31', '2022-11-20 10:10:53'),
	(73, 1, 'testwing', '2022-11-18 09:00:00', 0, 1, 1, NULL, 1, 0, '2022-11-19 16:05:24', '2022-11-20 10:09:39'),
	(74, 42, 'Listen baby\'s heartbeat', '2022-11-25 10:00:00', 21, 7, 1, NULL, 0, 0, '2022-11-20 00:36:51', '2022-11-20 00:46:43'),
	(75, 43, 'Severe Period Cramps', '2022-11-23 12:30:00', 40, 9, 1, NULL, 1, 0, '2022-11-20 01:07:06', '2022-11-23 04:50:33'),
	(76, 44, 'Irregular Menstruation ', '2022-11-18 10:30:00', 21, 1, 1, NULL, 1, 0, '2022-11-20 01:23:33', '2022-11-20 01:25:26'),
	(77, 20, 'Delayed', '2022-11-22 09:00:00', 21, 1, 1, NULL, 1, 0, '2022-11-20 08:12:07', '2022-11-22 10:08:27'),
	(78, 1, 'Sakit puson ', '2022-11-18 10:00:00', 21, 6, 1, NULL, 1, 0, '2022-11-20 08:33:44', '2022-11-20 10:10:32'),
	(79, 1, 'Delayed ', '2022-11-18 09:30:00', 21, 1, 1, NULL, 1, 0, '2022-11-20 10:08:21', '2022-11-20 10:09:55'),
	(80, 18, 'stomach ache', '2022-11-19 10:30:00', 27, 4, 1, NULL, 1, 0, '2022-11-20 12:51:55', '2022-11-21 01:58:14'),
	(81, 18, 'bloated', '2022-11-19 10:00:00', 27, 4, 1, NULL, 1, 0, '2022-11-20 12:53:14', '2022-11-21 01:58:02'),
	(82, 20, 'Severe Period Cramps', '2022-11-26 13:00:00', 21, 9, 1, NULL, 0, 0, '2022-11-20 13:53:26', '2022-11-20 14:45:21'),
	(83, 20, 'dysmenorrhoea ', '2022-11-23 12:15:00', 21, 1, 1, NULL, 1, 0, '2022-11-21 01:50:50', '2022-11-23 04:20:51'),
	(84, 45, 'ouch', '2022-11-22 12:45:00', 22, 5, 1, NULL, 1, 0, '2022-11-21 02:23:23', '2022-11-22 01:19:07'),
	(85, 1, 'Dysmenorrhea ', '2022-11-23 09:00:00', 21, 6, 1, NULL, 1, 0, '2022-11-21 02:31:27', '2022-11-23 03:39:56'),
	(86, 14, 'delayed', '2022-11-22 09:30:00', 23, 1, 1, NULL, 1, 0, '2022-11-21 03:04:30', '2022-11-21 15:56:28'),
	(87, 14, 'Bloated', '2022-11-22 09:45:00', 21, 3, 1, NULL, 1, 0, '2022-11-21 03:06:21', '2022-11-22 10:08:55'),
	(88, 14, 'Stomach Ache ', '2022-11-22 10:00:00', 23, 7, 0, 'testwing', 0, 1, '2022-11-21 03:08:37', '2022-11-21 03:41:37'),
	(89, 32, 'tite', '2022-11-22 13:30:00', 21, 4, 1, NULL, 1, 0, '2022-11-21 03:09:07', '2022-11-21 15:48:03'),
	(90, 14, 'Continuous Bleeding', '2022-11-22 10:15:00', 21, 1, 1, NULL, 1, 0, '2022-11-21 03:09:33', '2022-11-21 16:00:05'),
	(91, 14, 'Delayed', '2022-11-22 10:30:00', 21, 4, 1, NULL, 1, 0, '2022-11-21 03:10:25', '2022-11-21 16:00:47'),
	(92, 18, 'Delayed', '2022-11-22 10:45:00', 27, 4, 1, NULL, 1, 0, '2022-11-21 03:12:34', '2022-11-21 16:00:29'),
	(93, 18, 'Stomach Ache', '2022-11-22 11:00:00', 27, 7, 1, NULL, 1, 0, '2022-11-21 03:13:27', '2022-11-22 01:21:21'),
	(94, 18, 'bloated', '2022-11-22 12:00:00', 27, 1, 1, NULL, 1, 0, '2022-11-21 03:13:48', '2022-11-22 10:07:10'),
	(95, 18, 'Bloated', '2022-11-22 12:15:00', 27, 9, 1, NULL, 1, 0, '2022-11-21 03:15:03', '2022-11-22 01:19:44'),
	(96, 18, 'Continuous Bleeding', '2022-11-22 12:30:00', 27, 9, 1, NULL, 1, 0, '2022-11-21 03:15:52', '2022-11-22 01:23:45'),
	(97, 1, 'Dysmenorrhea ', '2022-11-22 13:15:00', 21, 1, 1, NULL, 1, 0, '2022-11-22 09:56:53', '2022-11-22 09:58:06'),
	(98, 1, 'Test', '2022-11-22 13:45:00', 21, 9, 0, 'Good day! Sorry for rejecting your request but Dr. Cura is currently in an emergency Normal Operatio', 0, 1, '2022-11-22 09:59:19', '2022-11-22 10:02:29'),
	(99, 35, 'n/a', '2022-11-23 13:30:00', 22, 1, 1, NULL, 1, 0, '2022-11-23 03:51:39', '2022-11-23 06:44:11'),
	(100, 35, 'n/a', '2022-11-25 13:00:00', 22, 8, 1, NULL, 0, 0, '2022-11-23 03:57:37', '2022-11-23 10:15:04'),
	(101, 35, 'n/a', '2022-11-26 10:00:00', 22, 7, 1, NULL, 0, 0, '2022-11-23 03:59:35', '2022-11-23 06:42:41'),
	(102, 46, 'Masakit po puson ko. ', '2022-11-25 09:00:00', 21, 1, 1, NULL, 0, 0, '2022-11-23 04:00:27', '2022-11-23 10:14:46'),
	(103, 46, 'Medyo nahihilo po ako, mayron ako mens. ', '2022-11-25 12:00:00', 21, 1, 1, NULL, 0, 0, '2022-11-23 04:05:32', '2022-11-23 04:19:28'),
	(104, 46, 'Ihi ako ng ihi', '2022-11-25 15:00:00', 21, 4, 1, NULL, 0, 0, '2022-11-23 04:06:58', '2022-11-23 04:19:06'),
	(105, 54, 'Mahapding pag ihi', '2022-11-24 12:33:00', 23, 1, 1, NULL, 1, 0, '2022-11-23 04:34:14', '2022-11-23 14:53:56'),
	(106, 35, 'Niregla nanaman ako eh ', '2022-11-25 09:30:00', 22, 5, 1, NULL, 0, 0, '2022-11-23 04:38:32', '2022-11-23 06:42:58'),
	(107, 35, 'Ba\'y dina nasipa ', '2022-11-23 10:15:00', 23, 3, 1, NULL, 1, 0, '2022-11-23 04:39:56', '2022-11-23 10:15:50'),
	(108, 54, 'Sakit puso ko pati aking pempem', '2022-11-30 12:41:00', 21, 5, 1, NULL, 0, 0, '2022-11-23 04:41:20', '2022-11-23 04:41:41'),
	(109, 1, 'Lakas regla', '2022-11-25 09:15:00', 21, 1, 1, NULL, 0, 0, '2022-11-23 04:47:04', '2022-11-23 04:47:20'),
	(110, 55, 'Irregular periods ', '2022-11-23 10:45:00', 22, 1, 1, NULL, 1, 0, '2022-11-23 04:54:35', '2022-11-23 04:55:41'),
	(111, 55, 'Follow up checkup', '2022-11-28 09:00:00', 22, 1, 0, NULL, 0, 1, '2022-11-23 05:02:27', '2022-11-23 05:09:49'),
	(112, 1, 'lakas regla', '2022-11-23 13:15:00', 21, 1, 1, NULL, 1, 0, '2022-11-23 14:57:43', '2022-11-23 14:58:40'),
	(113, 54, 'Masakit ang tete ko', '2022-11-27 23:03:00', 21, 3, 0, NULL, 0, 0, '2022-11-23 15:03:55', NULL),
	(114, 1, 'qwe', '2022-12-13 11:05:00', 22, 8, 1, NULL, 0, 0, '2022-12-13 08:08:44', '2022-12-13 08:12:43');

-- Dumping structure for table db_lj_clinic.tbl_appointment_availability
DROP TABLE IF EXISTS `tbl_appointment_availability`;
CREATE TABLE IF NOT EXISTS `tbl_appointment_availability` (
  `id` int(11) NOT NULL AUTO_INCREMENT,
  `services` varchar(50) DEFAULT NULL,
  `amount` double(10,2) DEFAULT 0.00,
  `date_available` datetime DEFAULT current_timestamp(),
  `is_deleted` int(1) DEFAULT 0 COMMENT '0 is not delete 1 is for delete',
  `created_at` datetime DEFAULT current_timestamp(),
  `updated_at` datetime DEFAULT NULL ON UPDATE current_timestamp(),
  PRIMARY KEY (`id`)
) ENGINE=InnoDB AUTO_INCREMENT=172 DEFAULT CHARSET=utf8mb4;

-- Dumping data for table db_lj_clinic.tbl_appointment_availability: ~152 rows (approximately)
REPLACE INTO `tbl_appointment_availability` (`id`, `services`, `amount`, `date_available`, `is_deleted`, `created_at`, `updated_at`) VALUES
	(19, NULL, 0.00, '2022-11-21 09:00:00', 0, '2022-11-19 05:18:46', '2022-11-19 05:45:53'),
	(20, NULL, 0.00, '2022-11-21 09:15:00', 0, '2022-11-19 05:19:02', '2022-11-19 05:47:46'),
	(21, NULL, 0.00, '2022-11-21 09:30:00', 0, '2022-11-19 05:19:14', '2022-11-19 05:47:38'),
	(22, NULL, 0.00, '2022-11-21 09:45:00', 0, '2022-11-19 05:19:27', '2022-11-19 05:47:27'),
	(23, NULL, 0.00, '2022-11-21 10:00:00', 0, '2022-11-19 05:19:40', '2022-11-19 05:47:20'),
	(24, NULL, 0.00, '2022-11-21 10:15:00', 0, '2022-11-19 05:20:02', '2022-11-19 05:47:12'),
	(25, NULL, 0.00, '2022-11-21 10:30:00', 0, '2022-11-19 05:20:12', '2022-11-19 05:47:05'),
	(26, NULL, 0.00, '2022-11-21 10:45:00', 0, '2022-11-19 05:21:10', '2022-11-19 05:46:56'),
	(27, NULL, 0.00, '2022-11-21 11:00:00', 0, '2022-11-19 05:21:28', '2022-11-19 05:46:27'),
	(28, NULL, 0.00, '2022-11-21 12:00:00', 0, '2022-11-19 05:21:50', '2022-11-19 05:46:48'),
	(29, NULL, 0.00, '2022-11-21 12:15:00', 0, '2022-11-19 05:38:19', '2022-11-19 05:46:43'),
	(30, NULL, 0.00, '2022-11-21 12:30:00', 0, '2022-11-19 05:38:47', '2022-11-19 05:46:39'),
	(31, NULL, 0.00, '2022-11-21 12:45:00', 0, '2022-11-19 05:39:38', '2022-11-19 05:46:35'),
	(32, NULL, 0.00, '2022-11-21 13:00:00', 0, '2022-11-19 05:40:22', '2022-11-19 05:46:20'),
	(33, NULL, 0.00, '2022-11-21 13:15:00', 0, '2022-11-19 05:41:05', '2022-11-19 05:46:12'),
	(34, NULL, 0.00, '2022-11-21 13:30:00', 1, '2022-11-19 05:41:16', '2022-11-19 08:12:33'),
	(35, NULL, 0.00, '2022-11-21 13:45:00', 0, '2022-11-19 05:43:31', '2022-11-19 05:46:02'),
	(36, NULL, 0.00, '2022-11-21 14:00:00', 0, '2022-11-19 05:44:02', '2022-11-19 05:47:52'),
	(37, NULL, 0.00, '2022-11-19 09:00:00', 0, '2022-11-19 05:49:01', NULL),
	(38, NULL, 0.00, '2022-11-19 09:15:00', 0, '2022-11-19 05:49:16', NULL),
	(39, NULL, 0.00, '2022-11-19 09:30:00', 0, '2022-11-19 05:49:33', NULL),
	(40, NULL, 0.00, '2022-11-19 09:45:00', 0, '2022-11-19 05:49:57', NULL),
	(41, NULL, 0.00, '2022-11-19 10:30:00', 0, '2022-11-19 05:50:16', '2022-11-19 05:51:28'),
	(42, NULL, 0.00, '2022-11-19 10:00:00', 0, '2022-11-19 05:51:50', NULL),
	(43, NULL, 0.00, '2022-11-18 09:00:00', 0, '2022-11-19 05:55:39', NULL),
	(44, NULL, 0.00, '2022-11-18 09:15:00', 0, '2022-11-19 05:56:33', NULL),
	(45, NULL, 0.00, '2022-11-18 09:30:00', 0, '2022-11-19 05:56:51', NULL),
	(46, NULL, 0.00, '2022-11-18 09:45:00', 0, '2022-11-19 05:57:06', NULL),
	(47, NULL, 0.00, '2022-11-18 10:00:00', 0, '2022-11-19 05:58:20', NULL),
	(48, NULL, 0.00, '2022-11-18 10:15:00', 0, '2022-11-19 05:59:43', NULL),
	(49, NULL, 0.00, '2022-11-18 10:45:00', 0, '2022-11-19 06:00:24', NULL),
	(50, NULL, 0.00, '2022-11-18 10:30:00', 0, '2022-11-19 06:00:55', NULL),
	(51, NULL, 0.00, '2022-11-18 10:45:00', 0, '2022-11-19 06:02:30', NULL),
	(52, NULL, 0.00, '2022-11-22 09:00:00', 0, '2022-11-19 07:26:16', NULL),
	(53, NULL, 0.00, '2022-11-22 09:15:00', 0, '2022-11-19 07:26:46', NULL),
	(54, NULL, 0.00, '2022-11-22 09:30:00', 0, '2022-11-19 07:26:59', '2022-11-19 07:27:47'),
	(55, NULL, 0.00, '2022-11-23 09:00:00', 0, '2022-11-19 07:27:17', NULL),
	(56, NULL, 0.00, '2022-11-23 09:15:00', 0, '2022-11-19 07:28:22', NULL),
	(57, NULL, 0.00, '2022-11-23 09:30:00', 0, '2022-11-19 07:28:48', NULL),
	(58, NULL, 0.00, '2022-11-22 09:45:00', 0, '2022-11-19 07:28:51', NULL),
	(59, NULL, 0.00, '2022-11-23 09:45:00', 0, '2022-11-19 07:29:08', NULL),
	(60, NULL, 0.00, '2022-11-22 10:00:00', 0, '2022-11-19 07:29:14', NULL),
	(61, NULL, 0.00, '2022-11-22 10:15:00', 0, '2022-11-19 07:29:29', NULL),
	(62, NULL, 0.00, '2011-11-23 10:00:00', 0, '2022-11-19 07:29:29', NULL),
	(63, NULL, 0.00, '2022-11-22 10:30:00', 0, '2022-11-19 07:29:46', NULL),
	(64, NULL, 0.00, '2022-11-23 10:15:00', 0, '2022-11-19 07:29:55', NULL),
	(65, NULL, 0.00, '2022-11-23 10:30:00', 0, '2022-11-19 07:30:41', NULL),
	(66, NULL, 0.00, '2022-11-23 10:45:00', 0, '2022-11-19 07:31:38', NULL),
	(67, NULL, 0.00, '2022-11-23 11:00:00', 0, '2022-11-19 07:32:05', NULL),
	(68, NULL, 0.00, '2022-11-23 11:15:00', 0, '2022-11-19 07:32:27', NULL),
	(69, NULL, 0.00, '2022-11-23 11:30:00', 0, '2022-11-19 07:32:53', NULL),
	(70, NULL, 0.00, '2022-11-23 11:45:00', 0, '2022-11-19 07:33:08', NULL),
	(71, NULL, 0.00, '2022-11-23 12:00:00', 0, '2022-11-19 07:33:29', NULL),
	(72, NULL, 0.00, '2022-11-23 12:15:00', 0, '2022-11-19 07:33:55', NULL),
	(73, NULL, 0.00, '2022-11-23 12:30:00', 0, '2022-11-19 07:34:11', NULL),
	(74, NULL, 0.00, '2022-11-22 10:45:00', 0, '2022-11-19 07:34:24', NULL),
	(75, NULL, 0.00, '2022-11-23 12:45:00', 0, '2022-11-19 07:34:34', NULL),
	(76, NULL, 0.00, '2022-11-22 11:00:00', 0, '2022-11-19 07:34:45', NULL),
	(77, NULL, 0.00, '2022-11-23 13:00:00', 0, '2022-11-19 07:35:07', '2022-11-19 07:35:52'),
	(78, NULL, 0.00, '2022-11-22 12:00:00', 0, '2022-11-19 07:35:14', NULL),
	(79, NULL, 0.00, '2022-11-22 12:15:00', 0, '2022-11-19 07:35:54', '2022-11-19 07:37:29'),
	(80, NULL, 0.00, '2022-11-22 12:30:00', 0, '2022-11-19 07:36:13', '2022-11-19 07:37:47'),
	(81, NULL, 0.00, '2022-11-22 00:45:00', 1, '2022-11-19 07:36:38', '2022-11-19 08:02:59'),
	(82, NULL, 0.00, '2022-11-23 13:15:00', 0, '2022-11-19 07:37:34', NULL),
	(83, NULL, 0.00, '2022-11-23 13:30:00', 0, '2022-11-19 07:37:53', NULL),
	(84, NULL, 0.00, '2022-11-23 13:45:00', 0, '2022-11-19 07:38:09', NULL),
	(85, NULL, 0.00, '2022-11-22 13:00:00', 1, '2022-11-19 07:38:17', '2022-11-19 08:13:45'),
	(86, NULL, 0.00, '2022-11-22 13:15:00', 1, '2022-11-19 07:38:39', '2022-11-19 08:12:18'),
	(87, NULL, 0.00, '2022-11-23 14:00:00', 0, '2022-11-19 07:38:55', NULL),
	(88, NULL, 0.00, '2022-11-22 13:30:00', 1, '2022-11-19 07:39:06', '2022-11-19 08:05:21'),
	(89, NULL, 0.00, '2022-11-23 14:00:00', 0, '2022-11-19 07:39:25', NULL),
	(90, NULL, 0.00, '2022-11-23 14:15:00', 0, '2022-11-19 07:39:39', NULL),
	(91, NULL, 0.00, '2022-11-23 14:30:00', 0, '2022-11-19 07:39:52', NULL),
	(92, NULL, 0.00, '2022-11-22 13:45:00', 1, '2022-11-19 07:39:52', '2022-11-19 08:13:12'),
	(93, NULL, 0.00, '2022-11-22 14:00:00', 1, '2022-11-19 07:40:08', '2022-11-19 08:07:20'),
	(94, NULL, 0.00, '2022-11-23 14:45:00', 0, '2022-11-19 07:40:15', NULL),
	(95, NULL, 0.00, '2022-11-22 14:15:00', 1, '2022-11-19 07:40:19', '2022-11-19 08:07:03'),
	(96, NULL, 0.00, '2022-11-23 15:00:00', 0, '2022-11-19 07:40:32', NULL),
	(97, NULL, 0.00, '2022-11-22 14:30:00', 1, '2022-11-19 07:40:34', '2022-11-19 08:08:01'),
	(98, NULL, 0.00, '2022-11-22 14:45:00', 1, '2022-11-19 07:41:11', '2022-11-19 08:03:55'),
	(99, NULL, 0.00, '2022-11-20 15:00:00', 1, '2022-11-19 07:41:34', '2022-11-21 16:01:40'),
	(100, NULL, 0.00, '2022-11-25 09:00:00', 0, '2022-11-19 07:41:36', NULL),
	(101, NULL, 0.00, '2022-11-25 09:15:00', 0, '2022-11-19 07:41:51', NULL),
	(102, NULL, 0.00, '2022-11-25 09:30:00', 0, '2022-11-19 07:42:11', NULL),
	(103, NULL, 0.00, '2022-11-25 09:45:00', 0, '2022-11-19 07:42:38', NULL),
	(104, NULL, 0.00, '2022-11-25 10:00:00', 0, '2022-11-19 07:43:09', NULL),
	(105, NULL, 0.00, '2022-11-25 10:15:00', 0, '2022-11-19 07:43:23', NULL),
	(106, NULL, 0.00, '2022-11-25 10:30:00', 0, '2022-11-19 07:43:41', NULL),
	(107, NULL, 0.00, '2022-11-26 09:00:00', 0, '2022-11-19 07:43:46', NULL),
	(108, NULL, 0.00, '2022-11-26 09:15:00', 0, '2022-11-19 07:43:58', NULL),
	(109, NULL, 0.00, '2022-11-25 10:45:00', 0, '2022-11-19 07:44:17', NULL),
	(110, NULL, 0.00, '2022-11-26 09:00:00', 1, '2022-11-19 07:44:24', '2022-11-19 07:44:51'),
	(111, NULL, 0.00, '2022-11-25 11:00:00', 0, '2022-11-19 07:44:37', NULL),
	(112, NULL, 0.00, '2022-11-25 11:15:00', 0, '2022-11-19 07:44:55', NULL),
	(113, NULL, 0.00, '2022-11-25 11:30:00', 0, '2022-11-19 07:45:12', NULL),
	(114, NULL, 0.00, '2022-11-25 11:45:00', 0, '2022-11-19 07:45:30', NULL),
	(115, NULL, 0.00, '2022-11-26 09:30:00', 0, '2022-11-19 07:45:39', NULL),
	(116, NULL, 0.00, '2022-11-25 12:00:00', 0, '2022-11-19 07:45:48', NULL),
	(117, NULL, 0.00, '2022-11-26 09:45:00', 0, '2022-11-19 07:45:51', NULL),
	(118, NULL, 0.00, '2022-11-26 10:00:00', 0, '2022-11-19 07:46:07', NULL),
	(119, NULL, 0.00, '2022-11-25 12:15:00', 0, '2022-11-19 07:46:15', NULL),
	(120, NULL, 0.00, '2022-11-25 12:30:00', 0, '2022-11-19 07:46:58', NULL),
	(121, NULL, 0.00, '2022-11-25 12:45:00', 0, '2022-11-19 07:47:22', NULL),
	(122, NULL, 0.00, '2022-11-25 13:00:00', 0, '2022-11-19 07:47:35', NULL),
	(123, NULL, 0.00, '2022-11-26 11:00:00', 1, '2022-11-19 07:47:52', '2022-11-19 07:51:03'),
	(124, NULL, 0.00, '2022-11-25 13:15:00', 0, '2022-11-19 07:48:07', NULL),
	(125, NULL, 0.00, '2022-11-25 13:30:00', 0, '2022-11-19 07:48:25', NULL),
	(126, NULL, 0.00, '2022-11-26 10:15:00', 0, '2022-11-19 07:48:46', NULL),
	(127, NULL, 0.00, '2022-11-25 13:45:00', 0, '2022-11-19 07:48:51', NULL),
	(128, NULL, 0.00, '2022-11-25 14:00:00', 0, '2022-11-19 07:49:08', NULL),
	(129, NULL, 0.00, '2022-11-25 14:15:00', 0, '2022-11-19 07:49:32', NULL),
	(130, NULL, 0.00, '2022-11-25 14:30:00', 0, '2022-11-19 07:49:52', NULL),
	(131, NULL, 0.00, '2022-11-25 14:45:00', 0, '2022-11-19 07:50:11', NULL),
	(132, NULL, 0.00, '2022-11-25 15:00:00', 0, '2022-11-19 07:50:33', NULL),
	(133, NULL, 0.00, '2022-11-26 10:30:00', 0, '2022-11-19 07:51:28', NULL),
	(134, NULL, 0.00, '2022-11-26 10:45:00', 0, '2022-11-19 07:51:39', NULL),
	(135, NULL, 0.00, '2022-11-26 11:00:00', 0, '2022-11-19 07:52:14', NULL),
	(136, NULL, 0.00, '2022-11-26 11:15:00', 1, '2022-11-19 07:52:28', '2022-11-19 07:53:19'),
	(137, NULL, 0.00, '2022-11-26 11:30:00', 1, '2022-11-19 07:52:40', '2022-11-19 07:53:24'),
	(138, NULL, 0.00, '2022-11-22 15:00:00', 1, '2022-11-19 07:54:42', '2022-11-19 08:04:22'),
	(139, NULL, 0.00, '2022-11-26 12:00:00', 0, '2022-11-19 07:55:05', NULL),
	(140, NULL, 0.00, '2022-11-26 12:15:00', 0, '2022-11-19 07:55:16', NULL),
	(141, NULL, 0.00, '2022-11-26 12:30:00', 0, '2022-11-19 07:56:16', NULL),
	(142, NULL, 0.00, '2022-11-26 12:45:00', 0, '2022-11-19 08:00:39', NULL),
	(143, NULL, 0.00, '2022-11-26 13:00:00', 0, '2022-11-19 08:01:13', NULL),
	(144, NULL, 0.00, '2022-11-22 13:15:00', 1, '2022-11-19 08:01:57', '2022-11-19 08:06:42'),
	(145, NULL, 0.00, '2022-11-22 13:30:00', 1, '2022-11-19 08:02:09', '2022-11-19 08:06:07'),
	(146, NULL, 0.00, '2022-11-22 13:45:00', 1, '2022-11-19 08:02:22', '2022-11-19 08:04:41'),
	(147, NULL, 0.00, '2022-11-26 13:15:00', 0, '2022-11-19 08:05:46', NULL),
	(148, NULL, 0.00, '2022-11-26 13:30:00', 0, '2022-11-19 08:06:09', NULL),
	(149, NULL, 0.00, '2022-11-26 13:45:00', 0, '2022-11-19 08:06:24', NULL),
	(150, NULL, 0.00, '2022-11-26 14:00:00', 0, '2022-11-19 08:06:36', NULL),
	(151, NULL, 0.00, '2022-11-26 14:15:00', 0, '2022-11-19 08:07:04', NULL),
	(152, NULL, 0.00, '2022-11-26 14:30:00', 0, '2022-11-19 08:07:23', NULL),
	(153, NULL, 0.00, '2022-11-26 14:45:00', 0, '2022-11-19 08:07:36', NULL),
	(154, NULL, 0.00, '2022-11-26 15:00:00', 0, '2022-11-19 08:07:46', NULL),
	(155, NULL, 0.00, '2022-11-22 14:00:00', 1, '2022-11-19 08:08:42', '2022-11-19 08:12:07'),
	(156, NULL, 0.00, '2022-11-22 14:15:00', 1, '2022-11-19 08:08:59', '2022-11-19 08:11:38'),
	(157, NULL, 0.00, '2022-11-22 14:30:00', 1, '2022-11-19 08:09:19', '2022-11-19 08:13:00'),
	(158, NULL, 0.00, '2022-11-22 14:45:00', 1, '2022-11-19 08:09:58', '2022-11-19 08:13:27'),
	(159, NULL, 0.00, '2022-11-22 15:00:00', 1, '2022-11-19 08:10:11', '2022-11-19 08:11:57'),
	(160, NULL, 0.00, '2022-11-22 12:45:00', 0, '2022-11-19 08:14:42', NULL),
	(161, NULL, 0.00, '2022-11-22 13:00:00', 0, '2022-11-19 08:14:56', NULL),
	(162, NULL, 0.00, '2022-11-22 13:15:00', 0, '2022-11-19 08:15:08', NULL),
	(163, NULL, 0.00, '2022-11-22 13:30:00', 0, '2022-11-19 08:15:23', NULL),
	(164, NULL, 0.00, '2022-11-22 13:45:00', 0, '2022-11-19 08:16:01', NULL),
	(165, NULL, 0.00, '2022-11-22 14:00:00', 1, '2022-11-19 08:16:14', '2022-11-21 15:53:38'),
	(166, NULL, 0.00, '2022-11-22 14:15:00', 1, '2022-11-19 08:16:37', '2022-11-21 15:54:58'),
	(167, NULL, 0.00, '2022-11-22 14:30:00', 1, '2022-11-19 08:17:00', '2022-11-21 16:03:00'),
	(168, NULL, 0.00, '2022-11-22 14:45:00', 0, '2022-11-19 08:17:18', NULL),
	(169, NULL, 0.00, '2022-11-22 15:00:00', 1, '2022-11-19 08:17:30', '2022-11-21 15:54:19'),
	(170, NULL, 0.00, '2022-11-28 09:00:00', 0, '2022-11-23 05:00:46', NULL),
	(171, NULL, 0.00, '2022-12-13 11:05:00', 0, '2022-12-13 08:05:34', NULL);

-- Dumping structure for table db_lj_clinic.tbl_appointment_payment
DROP TABLE IF EXISTS `tbl_appointment_payment`;
CREATE TABLE IF NOT EXISTS `tbl_appointment_payment` (
  `id` int(11) NOT NULL AUTO_INCREMENT,
  `reference_no` varchar(50) NOT NULL DEFAULT '',
  `user_id` int(11) NOT NULL DEFAULT 0,
  `date_paid` date DEFAULT NULL,
  `appointment_id` int(3) NOT NULL DEFAULT 0,
  `pregnant_status` varchar(50) NOT NULL DEFAULT '',
  `is_pregnant` int(1) NOT NULL DEFAULT 0 COMMENT '0 not pregnant 1 pregnant',
  `service_title` varchar(50) NOT NULL DEFAULT '',
  `other_services` varchar(50) NOT NULL DEFAULT '',
  `findings` varchar(50) NOT NULL DEFAULT '',
  `cost` decimal(10,2) unsigned NOT NULL DEFAULT 0.00,
  `other_cost` decimal(10,2) unsigned NOT NULL DEFAULT 0.00,
  `total_cost` decimal(10,2) unsigned NOT NULL DEFAULT 0.00,
  `file_name` varchar(50) DEFAULT NULL,
  `created_at` datetime DEFAULT current_timestamp(),
  `updated_at` datetime DEFAULT NULL ON UPDATE current_timestamp(),
  PRIMARY KEY (`id`)
) ENGINE=InnoDB AUTO_INCREMENT=72 DEFAULT CHARSET=utf8mb4;

-- Dumping data for table db_lj_clinic.tbl_appointment_payment: ~54 rows (approximately)
REPLACE INTO `tbl_appointment_payment` (`id`, `reference_no`, `user_id`, `date_paid`, `appointment_id`, `pregnant_status`, `is_pregnant`, `service_title`, `other_services`, `findings`, `cost`, `other_cost`, `total_cost`, `file_name`, `created_at`, `updated_at`) VALUES
	(18, 'REF-R8W9-1OBY-16-44', 16, '2022-11-19', 44, 'Week 3 Pregnant', 1, 'OB-GYN Consultation / Check Up', '', 'tesbun', 700.00, 69.00, 769.00, NULL, '2022-11-19 06:16:45', '2022-11-23 14:26:29'),
	(19, 'REF-qxw6-qx7u-19-49', 19, '2022-11-19', 49, 'Not Pregnant', 0, 'OTHERS', '', '', 0.00, 1000.00, 1000.00, NULL, '2022-11-19 06:38:58', '2022-11-23 14:26:21'),
	(20, 'REF-Qdvb-GjPy-17-51', 17, '2022-11-19', 51, 'Week 6 Pregnant', 1, 'Pelvic Ultrasound', '', '', 700.00, 10000.00, 10700.00, NULL, '2022-11-19 06:40:39', '2022-11-23 14:26:29'),
	(21, 'REF-opn0-w0Mo-14-46', 14, '2022-11-19', 46, 'Not Pregnant', 0, 'Transrectal Ultrasound', '', '', 2200.00, 0.00, 2200.00, NULL, '2022-11-19 06:50:01', '2022-11-23 14:26:21'),
	(22, 'REF-7lXD-oGH4-25-55', 25, '2022-11-19', 55, 'Not Pregnant', 0, 'OB-GYN Consultation / Check Up', '', '', 700.00, 2000.00, 2700.00, NULL, '2022-11-19 08:37:23', '2022-11-23 14:26:21'),
	(23, 'REF-bvBd-47n3-26-57', 26, '2022-11-19', 57, 'Not Pregnant', 0, 'BPS Ultrasound', '', '', 1300.00, 0.00, 1300.00, NULL, '2022-11-19 08:40:46', '2022-11-23 14:26:21'),
	(24, 'REF-1rab-WoRq-24-56', 24, '2022-11-19', 56, 'Not Pregnant', 0, 'OB-GYN Consultation / Check Up', '', '', 700.00, 2200.00, 2900.00, NULL, '2022-11-19 08:41:10', '2022-11-23 14:26:21'),
	(25, 'REF-eMrB-ALGe-32-63', 32, '2022-11-19', 63, 'Week 9 Pregnant', 1, 'OB-GYN Consultation / Check Up', '', '', 700.00, 0.00, 700.00, NULL, '2022-11-19 11:34:48', '2022-11-23 14:26:29'),
	(26, 'REF-o3kL-iqa9-20-52', 20, '2022-11-19', 52, 'Not Pregnant', 0, 'OTHERS', '', 'baongs', 0.00, 700.00, 700.00, NULL, '2022-11-19 13:13:12', '2022-11-23 14:26:21'),
	(27, 'REF-XbTo-iXjm-30-62', 30, '2022-11-19', 62, 'Not Pregnant', 0, 'Transrectal Ultrasound', '', 'tnx pi', 2200.00, 0.00, 2200.00, NULL, '2022-11-19 13:13:35', '2022-11-23 14:26:21'),
	(28, 'REF-8jGg-gAbc-37-69', 37, '2022-11-19', 69, 'Not Pregnant', 0, 'OB-GYN Consultation / Check Up', '', 'badeng', 700.00, 0.00, 700.00, NULL, '2022-11-19 13:53:27', '2022-11-23 14:26:21'),
	(29, 'REF-z5ij-opVu-1-59', 1, '2022-11-20', 59, 'Not Pregnant', 0, 'OB-GYN Consultation / Check Up', '', 'setnub', 700.00, 0.00, 700.00, NULL, '2022-11-19 16:07:47', '2022-11-23 14:26:21'),
	(30, 'REF-oeri-vWo6-20-71', 20, '2022-11-20', 71, 'Not Pregnant', 0, 'OB Doppler Ultrasound', '', '', 3500.00, 0.00, 3500.00, NULL, '2022-11-19 16:10:54', '2022-11-23 14:26:21'),
	(31, 'REF-TVD3-puWU-1-42', 1, '2022-11-20', 42, 'Not Pregnant', 0, 'Transrectal Ultrasound', '', 'n/a', 2200.00, 0.00, 2200.00, NULL, '2022-11-20 01:16:13', '2022-11-23 14:26:21'),
	(32, 'REF-G75O-BB8R-44-76', 44, '2022-11-20', 76, 'Not Pregnant', 0, 'OB-GYN Consultation / Check Up', '', 'Stress ka lang beh, dont wori', 700.00, 0.00, 700.00, NULL, '2022-11-20 01:25:26', '2022-11-23 14:26:21'),
	(33, 'REF-tmqG-JBu4-1-73', 1, '2022-11-20', 73, 'Not Pregnant', 0, 'OB-GYN Consultation / Check Up', '', 'None', 700.00, 0.00, 700.00, NULL, '2022-11-20 10:09:39', '2022-11-23 14:26:21'),
	(34, 'REF-U16U-Nh9g-1-79', 1, '2022-11-20', 79, 'Not Pregnant', 0, 'OB-GYN Consultation / Check Up', '', 'Stress', 700.00, 0.00, 700.00, NULL, '2022-11-20 10:09:55', '2022-11-23 14:26:21'),
	(35, 'REF-z38g-pYAF-1-78', 1, '2022-11-20', 78, 'Not Pregnant', 0, 'Transrectal Ultrasound', '', 'Switch to healthy living', 2200.00, 0.00, 2200.00, NULL, '2022-11-20 10:10:32', '2022-11-23 14:26:21'),
	(36, 'REF-9ip7-Pesl-14-72', 14, '2022-11-20', 72, 'Not Pregnant', 0, 'OB-GYN Consultation / Check Up', '', 'Stress ka beh', 700.00, 0.00, 700.00, NULL, '2022-11-20 10:10:53', '2022-11-23 14:26:21'),
	(37, 'REF-XSxz-zFsL-18-81', 18, '2022-11-21', 81, '2 Months Pregnant', 1, 'TVS First Trimester Ultrasound', '', '', 1500.00, 0.00, 1500.00, NULL, '2022-11-21 01:58:02', '2022-11-23 14:26:29'),
	(38, 'REF-Wi6E-Ek4v-18-80', 18, '2022-11-21', 80, '2 Months Pregnant', 1, 'TVS First Trimester Ultrasound', '', '', 1500.00, 0.00, 1500.00, NULL, '2022-11-21 01:58:14', '2022-11-23 14:26:29'),
	(39, 'REF-Dy1e-FRHH-18-50', 18, '2022-11-21', 50, '2 Months Pregnant', 1, 'OB-GYN Consultation / Check Up', '', 'n/a', 700.00, 0.00, 700.00, NULL, '2022-11-21 01:58:28', '2022-11-23 14:26:29'),
	(40, 'REF-C0zi-6gJf-28-61', 28, '2022-11-21', 61, '1 Month Pregnant', 1, 'OB-GYN Consultation / Check Up', '', 'buntis ka beh', 700.00, 0.00, 700.00, NULL, '2022-11-21 02:03:33', '2022-11-23 14:26:29'),
	(41, 'REF-WkU0-ZRnn-33-68', 33, '2022-11-21', 68, '1 Month Pregnant', 1, 'OB-GYN Consultation / Check Up', '', 'lagot ka sa mama mo beh, hndi ka naman nya mahal', 700.00, 1200.00, 1900.00, NULL, '2022-11-21 02:13:47', '2022-11-23 14:26:29'),
	(42, 'REF-rTrx-gmHM-14-45', 14, '2022-11-21', 45, '1 Month Pregnant', 1, 'OB-GYN Consultation / Check Up', '', 'hmmm anong ginawa nyo ni caloy kagabe ha', 700.00, 1200.00, 1900.00, NULL, '2022-11-21 02:14:34', '2022-11-23 14:26:29'),
	(43, 'REF-f1kO-5NzU-21-64', 21, '2022-11-21', 64, 'Not Pregnant', 0, 'OB-GYN Consultation / Check Up', '', '', 700.00, 0.00, 700.00, NULL, '2022-11-21 02:14:48', '2022-11-23 14:26:21'),
	(44, 'REF-iHkK-IaV8-27-58', 27, '2022-11-21', 58, 'Not Pregnant', 0, 'OB-GYN Consultation / Check Up', '', '', 700.00, 2200.00, 2900.00, NULL, '2022-11-21 02:18:24', '2022-11-23 14:26:21'),
	(45, 'REF-Ih21-6Tyk-14-47', 14, '2022-11-21', 47, 'Not Pregnant', 0, 'TVS Gyne Ultrasound', '', 'none', 2000.00, 0.00, 2000.00, NULL, '2022-11-21 15:46:33', '2022-11-23 14:26:21'),
	(46, 'REF-poiZ-fYXq-38-70', 38, '2022-11-21', 70, 'Not Pregnant', 0, 'TVS Gyne Ultrasound', '', 'none', 2000.00, 0.00, 2000.00, NULL, '2022-11-21 15:46:43', '2022-11-23 14:26:21'),
	(47, 'REF-pGBv-fMNn-23-53', 23, '2022-11-21', 53, '1 Month Pregnant', 1, 'TVS First Trimester Ultrasound', '', 'none', 1500.00, 0.00, 1500.00, NULL, '2022-11-21 15:46:51', '2022-11-23 14:26:29'),
	(48, 'REF-Pp8t-5KzB-32-89', 32, '2022-11-21', 89, '1 Month Pregnant', 1, 'TVS First Trimester Ultrasound', '', 'nasan', 1500.00, 0.00, 1500.00, NULL, '2022-11-21 15:48:03', '2022-11-23 14:26:29'),
	(49, 'REF-A6tl-oTCH-14-86', 14, '2022-11-21', 86, 'Not Pregnant', 0, 'OB-GYN Consultation / Check Up', '', '', 700.00, 0.00, 700.00, NULL, '2022-11-21 15:56:28', '2022-11-23 14:26:21'),
	(50, 'REF-3vm5-ZFVG-14-90', 14, '2022-11-22', 90, 'Not Pregnant', 0, 'OB-GYN Consultation / Check Up', '', '', 700.00, 0.00, 700.00, NULL, '2022-11-21 16:00:05', '2022-11-23 14:26:21'),
	(51, 'REF-LVnM-Q9TJ-18-92', 18, '2022-11-22', 92, 'Not Pregnant', 0, 'TVS First Trimester Ultrasound', '', '', 1500.00, 0.00, 1500.00, NULL, '2022-11-21 16:00:29', '2022-11-23 14:26:21'),
	(52, 'REF-GPjz-jCs5-14-91', 14, '2022-11-22', 91, '1 Month Pregnant', 1, 'TVS First Trimester Ultrasound', '', '', 1500.00, 0.00, 1500.00, NULL, '2022-11-21 16:00:47', '2022-11-23 14:26:29'),
	(53, 'REF-1Mih-9QQU-45-84', 45, '2022-11-22', 84, 'Not Pregnant', 0, 'TVS Gyne Ultrasound', '', 'Baog ka boss pa3cia ', 2000.00, 0.00, 2000.00, NULL, '2022-11-22 01:19:07', '2022-11-23 14:26:21'),
	(54, 'REF-BZFF-KFE2-18-95', 18, '2022-11-22', 95, 'Not Pregnant', 0, 'OTHERS', '', '', 0.00, 700.00, 700.00, NULL, '2022-11-22 01:19:44', '2022-11-23 14:26:21'),
	(55, 'REF-Mc0D-LOcQ-18-93', 18, '2022-11-22', 93, '2 Months Pregnant', 1, 'OB Doppler Ultrasound', '', '', 3500.00, 0.00, 3500.00, NULL, '2022-11-22 01:21:21', '2022-11-23 14:26:29'),
	(56, 'REF-QTDR-ZleM-18-96', 18, '2022-11-22', 96, 'Not Pregnant', 0, 'OTHERS', '', '', 0.00, 0.00, 0.00, NULL, '2022-11-22 01:23:45', '2022-11-23 14:26:21'),
	(57, 'REF-j7J4-or9z-1-97', 1, '2022-11-22', 97, 'Not Pregnant', 0, 'OB-GYN Consultation / Check Up', '', 'None', 700.00, 0.00, 700.00, NULL, '2022-11-22 09:58:06', '2022-11-23 14:26:21'),
	(58, 'REF-qfdp-g8Co-18-94', 18, '2022-11-22', 94, 'Not Pregnant', 0, 'OB-GYN Consultation / Check Up', '', '', 700.00, 0.00, 700.00, NULL, '2022-11-22 10:07:10', '2022-11-23 14:26:21'),
	(59, 'REF-SVcB-DYlo-34-65', 34, '2022-11-22', 65, 'Not Pregnant', 0, 'OB-GYN Consultation / Check Up', '', 'None ', 700.00, 0.00, 700.00, NULL, '2022-11-22 10:08:07', '2022-11-23 14:26:21'),
	(60, 'REF-kEPu-TQFe-20-77', 20, '2022-11-22', 77, '1 Month Pregnant', 1, 'OB-GYN Consultation / Check Up', '', 'Magna', 700.00, 0.00, 700.00, NULL, '2022-11-22 10:08:27', '2022-11-23 14:26:29'),
	(61, 'REF-aXH6-yH1e-36-67', 36, '2022-11-22', 67, 'Not Pregnant', 0, 'OB-GYN Consultation / Check Up', '', '', 700.00, 0.00, 700.00, NULL, '2022-11-22 10:08:40', '2022-11-23 14:26:21'),
	(62, 'REF-OVDm-vibk-14-87', 14, '2022-11-22', 87, '1 Month Pregnant', 1, 'BPS Ultrasound', '', 'Congrats ', 1300.00, 0.00, 1300.00, NULL, '2022-11-22 10:08:55', '2022-11-23 14:26:29'),
	(63, 'REF-KqAb-MYWU-29-60', 29, '2022-11-23', 60, 'Not Pregnant', 0, 'Pap Smear', '', 'None ', 1700.00, 0.00, 1700.00, NULL, '2022-11-23 03:39:46', '2022-11-23 14:26:21'),
	(64, 'REF-HSYy-xqH0-1-85', 1, '2022-11-23', 85, 'Not Pregnant', 0, 'Transrectal Ultrasound', '', 'None ', 2200.00, 0.00, 2200.00, NULL, '2022-11-23 03:39:56', '2022-11-23 14:26:21'),
	(65, 'REF-M1Gz-HZow-20-83', 20, '2022-11-23', 83, 'Not Pregnant', 0, 'OB-GYN Consultation / Check Up', '', 'None ', 700.00, 0.00, 700.00, NULL, '2022-11-23 04:20:51', '2022-11-23 14:26:21'),
	(66, 'REF-rjcX-JKeo-43-75', 43, '2022-11-23', 75, 'Not Pregnant', 0, 'OTHERS', 'Consultation ', 'None', 0.00, 700.00, 700.00, NULL, '2022-11-23 04:50:33', '2022-11-23 14:26:21'),
	(67, 'REF-ltS6-925O-55-110', 55, '2022-11-23', 110, 'Not Pregnant', 0, 'OB-GYN Consultation / Check Up', '', 'Lagot kay joey', 700.00, 0.00, 700.00, NULL, '2022-11-23 04:55:41', '2022-11-23 14:26:21'),
	(68, 'REF-nqMI-CTtA-35-99', 35, '2022-11-23', 99, 'Not Pregnant', 0, 'OB-GYN Consultation / Check Up', '', '', 700.00, 0.00, 700.00, NULL, '2022-11-23 06:44:11', '2022-11-23 14:26:21'),
	(69, 'REF-VBAc-D3e8-35-107', 35, '2022-11-23', 107, '2 Months Pregnant', 1, 'BPS Ultrasound', '', 'edi sorry', 1300.00, 0.00, 1300.00, NULL, '2022-11-23 10:15:50', '2022-11-23 14:26:29'),
	(70, 'REF-ILdQ-O1t6-54-105', 54, '2022-11-23', 105, 'Not Pregnant', 0, 'OB-GYN Consultation / Check Up', '', 'UTI yan beh, lipat ka muna sa iba', 700.00, 0.00, 700.00, NULL, '2022-11-23 14:53:56', NULL),
	(71, 'REF-rWy7-0RQC-1-112', 1, '2022-11-23', 112, 'Not Pregnant', 0, 'OB-GYN Consultation / Check Up', '', 'none', 700.00, 0.00, 700.00, NULL, '2022-11-23 14:58:40', NULL);

-- Dumping structure for table db_lj_clinic.tbl_feedback
DROP TABLE IF EXISTS `tbl_feedback`;
CREATE TABLE IF NOT EXISTS `tbl_feedback` (
  `id` int(11) NOT NULL AUTO_INCREMENT,
  `user_id` int(11) DEFAULT 0,
  `rating` int(1) DEFAULT 0,
  `feedback` longtext DEFAULT NULL,
  `is_deleted` tinyint(1) DEFAULT 0,
  `created_at` datetime DEFAULT current_timestamp(),
  `updated_at` datetime DEFAULT NULL ON UPDATE current_timestamp(),
  PRIMARY KEY (`id`)
) ENGINE=InnoDB AUTO_INCREMENT=19 DEFAULT CHARSET=utf8mb4;

-- Dumping data for table db_lj_clinic.tbl_feedback: ~13 rows (approximately)
REPLACE INTO `tbl_feedback` (`id`, `user_id`, `rating`, `feedback`, `is_deleted`, `created_at`, `updated_at`) VALUES
	(6, 17, 5, 'ang galing ni lodi', 0, '2022-11-19 06:19:12', NULL),
	(7, 24, 5, 'Fast services.. ', 0, '2022-11-19 08:34:59', NULL),
	(8, 20, 5, 'ucge', 0, '2022-11-19 08:35:34', NULL),
	(9, 26, 5, 'this website is incredible! many patients can easi', 0, '2022-11-19 08:44:29', NULL),
	(10, 14, 5, 'very accommodating staff', 0, '2022-11-19 09:59:21', NULL),
	(11, 29, 3, 'The staffs are nice', 0, '2022-11-19 10:17:25', NULL),
	(12, 21, 4, '', 0, '2022-11-19 12:37:49', NULL),
	(13, 37, 5, 'hindi na po gumagalaw yung baby sa tiyan ko', 0, '2022-11-19 13:53:15', NULL),
	(14, 23, 5, '', 0, '2022-11-19 21:15:25', NULL),
	(15, 42, 5, '', 0, '2022-11-20 00:25:33', NULL),
	(16, 42, 5, 'Very Satisfied', 0, '2022-11-20 00:37:29', NULL),
	(17, 1, 5, 'Ang galing!', 0, '2022-11-20 10:46:20', NULL),
	(18, 46, 5, 'i love your system. hope all. ', 0, '2022-11-23 04:07:50', NULL);

-- Dumping structure for table db_lj_clinic.tbl_health_declaration
DROP TABLE IF EXISTS `tbl_health_declaration`;
CREATE TABLE IF NOT EXISTS `tbl_health_declaration` (
  `id` int(11) NOT NULL AUTO_INCREMENT,
  `name` varchar(50) DEFAULT NULL,
  `address` varchar(255) DEFAULT NULL,
  `is_patient` varchar(50) DEFAULT NULL,
  `is_fever` varchar(50) DEFAULT NULL,
  `is_cough` varchar(50) DEFAULT NULL,
  `is_loss_smell` varchar(50) DEFAULT NULL,
  `is_short_breath` varchar(50) DEFAULT NULL,
  `is_sore_throat` varchar(50) DEFAULT NULL,
  `is_body_pain` varchar(50) DEFAULT NULL,
  `is_headache` varchar(50) DEFAULT NULL,
  `is_fam_covid` varchar(50) DEFAULT NULL,
  `is_contact_covid` varchar(50) DEFAULT NULL,
  `is_travelled_outside` varchar(50) DEFAULT NULL,
  `created_at` datetime DEFAULT current_timestamp(),
  `updated_at` datetime DEFAULT NULL ON UPDATE current_timestamp(),
  PRIMARY KEY (`id`)
) ENGINE=InnoDB AUTO_INCREMENT=24 DEFAULT CHARSET=utf8mb4;

-- Dumping data for table db_lj_clinic.tbl_health_declaration: ~9 rows (approximately)
REPLACE INTO `tbl_health_declaration` (`id`, `name`, `address`, `is_patient`, `is_fever`, `is_cough`, `is_loss_smell`, `is_short_breath`, `is_sore_throat`, `is_body_pain`, `is_headache`, `is_fam_covid`, `is_contact_covid`, `is_travelled_outside`, `created_at`, `updated_at`) VALUES
	(15, 'Joyce Montero', 'San Miguel Sto.Tomas Batangas', '', 'No', 'No', 'No', 'No', 'No', 'No', 'No', 'No', 'No', 'No', '2022-11-19 06:19:25', NULL),
	(16, 'Eunice Urayan', 'Tinurik Tanauan', '', 'No', 'No', 'No', 'No', 'No', 'No', 'No', 'No', 'No', 'No', '2022-11-19 08:33:01', NULL),
	(17, 'Arjaelyn Urayan', 'Tinurik, Tanauan City', '', 'No', 'No', 'No', 'No', 'No', 'No', 'No', 'No', 'No', 'No', '2022-11-19 08:41:59', NULL),
	(18, 'Erika', 'Sta Maria', '', 'No', 'No', 'No', 'No', 'No', 'No', 'No', 'No', 'No', 'No', '2022-11-19 10:21:10', NULL),
	(19, 'Charlene Gonzales', 'Marawoy', '', 'No', 'No', 'No', 'No', 'No', 'No', 'No', 'No', 'No', 'No', '2022-11-19 11:48:04', NULL),
	(20, 'Jaelyn Rose Guerrero', 'San Pedro, Santo Tomas, Batangas', '', 'No', 'No', 'No', 'No', 'No', 'No', 'No', 'No', 'No', 'No', '2022-11-19 12:56:00', NULL),
	(21, 'Karen Royo', 'San Andres Malvar ', '', 'No', 'No', 'No', 'No', 'No', 'No', 'No', 'No', 'No', 'No', '2022-11-19 13:06:12', NULL),
	(22, 'Juan Tongue Cross', 'Tanauan City, Batangas', '', 'No', 'No', 'No', 'No', 'No', 'No', 'No', 'No', 'No', 'No', '2022-11-19 13:52:58', NULL),
	(23, 'Kaye Celine Urayan', 'Tinurik, Tanauan City ', '', 'No', 'No', 'No', 'No', 'No', 'No', 'No', 'No', 'No', 'No', '2022-11-21 16:27:18', NULL);

-- Dumping structure for table db_lj_clinic.tbl_notification
DROP TABLE IF EXISTS `tbl_notification`;
CREATE TABLE IF NOT EXISTS `tbl_notification` (
  `id` int(11) NOT NULL AUTO_INCREMENT,
  `title` varchar(50) DEFAULT NULL,
  `description` varchar(255) DEFAULT NULL,
  `date_action` datetime DEFAULT current_timestamp(),
  `user_id` int(3) DEFAULT 0,
  `is_user` int(3) DEFAULT 0,
  `created_at` datetime DEFAULT current_timestamp(),
  `updated_at` datetime DEFAULT NULL ON UPDATE current_timestamp(),
  PRIMARY KEY (`id`)
) ENGINE=InnoDB AUTO_INCREMENT=167 DEFAULT CHARSET=utf8mb4;

-- Dumping data for table db_lj_clinic.tbl_notification: ~85 rows (approximately)
REPLACE INTO `tbl_notification` (`id`, `title`, `description`, `date_action`, `user_id`, `is_user`, `created_at`, `updated_at`) VALUES
	(80, 'New Appointment', '\r\n        <div class=\'text-muted small mt-1\'>\r\n          <span><b>Stella Dio, Hernandez</b></span><br>\r\n          <span>delayed</span><br>\r\n          <span>OB Doppler Ultrasound</span><br>\r\n          <span>Nov 20, 2022 00:01 AM</span><br>\r\n        </div>', '2022-11-19 16:01:01', 20, 1, '2022-11-19 16:01:01', NULL),
	(81, 'New Appointment', '\r\n        <div class=\'text-muted small mt-1\'>\r\n          <span><b>Joyce Ann Ferrer, Montero</b></span><br>\r\n          <span>Delayed</span><br>\r\n          <span>OB-GYN Consultation / Check Up</span><br>\r\n          <span>Nov 20, 2022 00:01 AM</span><br>\r\n  ', '2022-11-19 16:01:31', 14, 1, '2022-11-19 16:01:31', NULL),
	(82, 'New Appointment', '\r\n        <div class=\'text-muted small mt-1\'>\r\n          <span><b>Kaye Celine Urayan</b></span><br>\r\n          <span>testwing</span><br>\r\n          <span>OB-GYN Consultation / Check Up</span><br>\r\n          <span>Nov 20, 2022 00:05 AM</span><br>\r\n        ', '2022-11-19 16:05:24', 1, 1, '2022-11-19 16:05:24', NULL),
	(83, 'Appointment Approved', '\r\n        <div class=\'text-muted small mt-1\'>\r\n          <span><b>Stella Dio, Hernandez</b></span><br>\r\n          <span>delayed</span><br>\r\n          <span>OB Doppler Ultrasound</span><br>\r\n          <span>Nov 20, 2022 00:08 AM</span><br>\r\n        </div>', '2022-11-19 16:08:51', 20, 0, '2022-11-19 16:08:51', NULL),
	(84, 'New Appointment', '\r\n        <div class=\'text-muted small mt-1\'>\r\n          <span><b>Janeth Magsino, Medina</b></span><br>\r\n          <span>Listen baby\'s heartbeat</span><br>\r\n          <span>OB Doppler Ultrasound</span><br>\r\n          <span>Nov 20, 2022 08:36 AM</span><br>', '2022-11-20 00:36:51', 42, 1, '2022-11-20 00:36:51', NULL),
	(85, 'Appointment Approved', '\r\n        <div class=\'text-muted small mt-1\'>\r\n          <span><b>Janeth Magsino, Medina</b></span><br>\r\n          <span>Listen baby\'s heartbeat</span><br>\r\n          <span>OB Doppler Ultrasound</span><br>\r\n          <span>Nov 20, 2022 08:46 AM</span><br>', '2022-11-20 00:46:43', 42, 0, '2022-11-20 00:46:43', NULL),
	(86, 'Appointment Approved', '\r\n        <div class=\'text-muted small mt-1\'>\r\n          <span><b>Joyce Ann Ferrer, Montero</b></span><br>\r\n          <span>Delayed</span><br>\r\n          <span>OB-GYN Consultation / Check Up</span><br>\r\n          <span>Nov 20, 2022 08:46 AM</span><br>\r\n  ', '2022-11-20 00:46:56', 14, 0, '2022-11-20 00:46:56', NULL),
	(87, 'Appointment Approved', '\r\n        <div class=\'text-muted small mt-1\'>\r\n          <span><b>Kaye Celine Urayan</b></span><br>\r\n          <span>testwing</span><br>\r\n          <span>OB-GYN Consultation / Check Up</span><br>\r\n          <span>Nov 20, 2022 08:47 AM</span><br>\r\n        ', '2022-11-20 00:47:05', 1, 0, '2022-11-20 00:47:05', NULL),
	(88, 'New Appointment', '\r\n        <div class=\'text-muted small mt-1\'>\r\n          <span><b>Arlyne Dio, Hernandez</b></span><br>\r\n          <span>Severe Period Cramps</span><br>\r\n          <span>OTHERS</span><br>\r\n          <span>Nov 20, 2022 09:07 AM</span><br>\r\n        </div>', '2022-11-20 01:07:06', 43, 1, '2022-11-20 01:07:06', NULL),
	(89, 'Appointment Approved', '\r\n        <div class=\'text-muted small mt-1\'>\r\n          <span><b>Arlyne Dio, Hernandez</b></span><br>\r\n          <span>Severe Period Cramps</span><br>\r\n          <span>OTHERS</span><br>\r\n          <span>Nov 20, 2022 09:15 AM</span><br>\r\n        </div>', '2022-11-20 01:15:22', 43, 0, '2022-11-20 01:15:22', NULL),
	(90, 'New Appointment', '\r\n        <div class=\'text-muted small mt-1\'>\r\n          <span><b>Krisha Mae Canja, Piamonte</b></span><br>\r\n          <span>Irregular Menstruation </span><br>\r\n          <span>OB-GYN Consultation / Check Up</span><br>\r\n          <span>Nov 20, 2022 09:23 ', '2022-11-20 01:23:33', 44, 1, '2022-11-20 01:23:33', NULL),
	(91, 'Appointment Approved', '\r\n        <div class=\'text-muted small mt-1\'>\r\n          <span><b>Krisha Mae Canja, Piamonte</b></span><br>\r\n          <span>Irregular Menstruation </span><br>\r\n          <span>OB-GYN Consultation / Check Up</span><br>\r\n          <span>Nov 20, 2022 09:24 ', '2022-11-20 01:24:18', 44, 0, '2022-11-20 01:24:18', NULL),
	(92, 'New Appointment', '\r\n        <div class=\'text-muted small mt-1\'>\r\n          <span><b>Stella Dio, Hernandez</b></span><br>\r\n          <span>Delayed</span><br>\r\n          <span>OB-GYN Consultation / Check Up</span><br>\r\n          <span>Nov 20, 2022 16:12 PM</span><br>\r\n      ', '2022-11-20 08:12:07', 20, 1, '2022-11-20 08:12:07', NULL),
	(93, 'Appointment Approved', '\r\n        <div class=\'text-muted small mt-1\'>\r\n          <span><b>Stella Dio, Hernandez</b></span><br>\r\n          <span>Delayed</span><br>\r\n          <span>OB-GYN Consultation / Check Up</span><br>\r\n          <span>Nov 20, 2022 16:13 PM</span><br>\r\n      ', '2022-11-20 08:13:48', 20, 0, '2022-11-20 08:13:48', NULL),
	(94, 'New Appointment', '\r\n        <div class=\'text-muted small mt-1\'>\r\n          <span><b>Kaye Celine S Urayan</b></span><br>\r\n          <span>Sakit puson </span><br>\r\n          <span>Transrectal Ultrasound</span><br>\r\n          <span>Nov 20, 2022 16:33 PM</span><br>\r\n        </', '2022-11-20 08:33:44', 1, 1, '2022-11-20 08:33:44', NULL),
	(95, 'Appointment Approved', '\r\n        <div class=\'text-muted small mt-1\'>\r\n          <span><b>Kaye Celine S Urayan</b></span><br>\r\n          <span>Sakit puson </span><br>\r\n          <span>Transrectal Ultrasound</span><br>\r\n          <span>Nov 20, 2022 17:34 PM</span><br>\r\n        </', '2022-11-20 09:34:41', 1, 0, '2022-11-20 09:34:41', NULL),
	(96, 'New Appointment', '\r\n        <div class=\'text-muted small mt-1\'>\r\n          <span><b>Kaye Celine S Urayan</b></span><br>\r\n          <span>Delayed </span><br>\r\n          <span>OB-GYN Consultation / Check Up</span><br>\r\n          <span>Nov 20, 2022 18:08 PM</span><br>\r\n      ', '2022-11-20 10:08:21', 1, 1, '2022-11-20 10:08:21', NULL),
	(97, 'Appointment Approved', '\r\n        <div class=\'text-muted small mt-1\'>\r\n          <span><b>Kaye Celine S Urayan</b></span><br>\r\n          <span>Delayed </span><br>\r\n          <span>OB-GYN Consultation / Check Up</span><br>\r\n          <span>Nov 20, 2022 18:09 PM</span><br>\r\n      ', '2022-11-20 10:09:07', 1, 0, '2022-11-20 10:09:07', NULL),
	(98, 'New Appointment', '\r\n        <div class=\'text-muted small mt-1\'>\r\n          <span><b>Jessa Montero, Solis</b></span><br>\r\n          <span>stomach ache</span><br>\r\n          <span>TVS First Trimester Ultrasound</span><br>\r\n          <span>Nov 20, 2022 20:51 PM</span><br>\r\n  ', '2022-11-20 12:51:55', 18, 1, '2022-11-20 12:51:55', NULL),
	(99, 'New Appointment', '\r\n        <div class=\'text-muted small mt-1\'>\r\n          <span><b>Jessa Montero, Solis</b></span><br>\r\n          <span>bloated</span><br>\r\n          <span>TVS First Trimester Ultrasound</span><br>\r\n          <span>Nov 20, 2022 20:53 PM</span><br>\r\n       ', '2022-11-20 12:53:14', 18, 1, '2022-11-20 12:53:14', NULL),
	(100, 'New Appointment', '\r\n        <div class=\'text-muted small mt-1\'>\r\n          <span><b>Stella Dio Hernandez</b></span><br>\r\n          <span>Severe Period Cramps</span><br>\r\n          <span>OTHERS</span><br>\r\n          <span>Nov 20, 2022 21:53 PM</span><br>\r\n        </div>', '2022-11-20 13:53:26', 20, 1, '2022-11-20 13:53:26', NULL),
	(101, 'Appointment Approved', '\r\n        <div class=\'text-muted small mt-1\'>\r\n          <span><b>Stella Dio Hernandez</b></span><br>\r\n          <span>Severe Period Cramps</span><br>\r\n          <span>OTHERS</span><br>\r\n          <span>Nov 20, 2022 22:45 PM</span><br>\r\n        </div>', '2022-11-20 14:45:21', 20, 0, '2022-11-20 14:45:21', NULL),
	(102, 'Appointment Approved', '\r\n        <div class=\'text-muted small mt-1\'>\r\n          <span><b>Jessa Montero, Solis</b></span><br>\r\n          <span>bloated</span><br>\r\n          <span>TVS First Trimester Ultrasound</span><br>\r\n          <span>Nov 21, 2022 00:01 AM</span><br>\r\n       ', '2022-11-20 16:01:37', 18, 0, '2022-11-20 16:01:37', NULL),
	(103, 'New Appointment', '\r\n        <div class=\'text-muted small mt-1\'>\r\n          <span><b>Stella Dio Hernandez</b></span><br>\r\n          <span>dysmenorrhoea </span><br>\r\n          <span>OB-GYN Consultation / Check Up</span><br>\r\n          <span>Nov 21, 2022 09:50 AM</span><br>\r\n', '2022-11-21 01:50:50', 20, 1, '2022-11-21 01:50:50', NULL),
	(104, 'Appointment Approved', '\r\n        <div class=\'text-muted small mt-1\'>\r\n          <span><b>Stella Dio Hernandez</b></span><br>\r\n          <span>dysmenorrhoea </span><br>\r\n          <span>OB-GYN Consultation / Check Up</span><br>\r\n          <span>Nov 21, 2022 09:57 AM</span><br>\r\n', '2022-11-21 01:57:16', 20, 0, '2022-11-21 01:57:16', NULL),
	(105, 'Appointment Approved', '\r\n        <div class=\'text-muted small mt-1\'>\r\n          <span><b>Jessa Montero, Solis</b></span><br>\r\n          <span>stomach ache</span><br>\r\n          <span>TVS First Trimester Ultrasound</span><br>\r\n          <span>Nov 21, 2022 09:57 AM</span><br>\r\n  ', '2022-11-21 01:57:35', 18, 0, '2022-11-21 01:57:35', NULL),
	(106, 'New Appointment', '\r\n        <div class=\'text-muted small mt-1\'>\r\n          <span><b>joshua carandang. garcia</b></span><br>\r\n          <span>ouch</span><br>\r\n          <span>TVS Gyne Ultrasound</span><br>\r\n          <span>Nov 21, 2022 10:23 AM</span><br>\r\n        </div>', '2022-11-21 02:23:23', 45, 1, '2022-11-21 02:23:23', NULL),
	(107, 'Appointment Approved', '\r\n        <div class=\'text-muted small mt-1\'>\r\n          <span><b>joshua carandang. garcia</b></span><br>\r\n          <span>ouch</span><br>\r\n          <span>TVS Gyne Ultrasound</span><br>\r\n          <span>Nov 21, 2022 10:24 AM</span><br>\r\n        </div>', '2022-11-21 02:24:31', 45, 0, '2022-11-21 02:24:31', NULL),
	(108, 'New Appointment', '\r\n        <div class=\'text-muted small mt-1\'>\r\n          <span><b>Kaye Celine S Urayan</b></span><br>\r\n          <span>Dysmenorrhea </span><br>\r\n          <span>Transrectal Ultrasound</span><br>\r\n          <span>Nov 21, 2022 10:31 AM</span><br>\r\n        <', '2022-11-21 02:31:27', 1, 1, '2022-11-21 02:31:27', NULL),
	(109, 'Appointment Approved', '\r\n        <div class=\'text-muted small mt-1\'>\r\n          <span><b>Kaye Celine S Urayan</b></span><br>\r\n          <span>Dysmenorrhea </span><br>\r\n          <span>Transrectal Ultrasound</span><br>\r\n          <span>Nov 21, 2022 10:31 AM</span><br>\r\n        <', '2022-11-21 02:31:54', 1, 0, '2022-11-21 02:31:54', NULL),
	(110, 'New Appointment', '\r\n        <div class=\'text-muted small mt-1\'>\r\n          <span><b>Joyce Ann Ferrer, Montero</b></span><br>\r\n          <span>delayed</span><br>\r\n          <span>OB-GYN Consultation / Check Up</span><br>\r\n          <span>Nov 21, 2022 11:04 AM</span><br>\r\n  ', '2022-11-21 03:04:30', 14, 1, '2022-11-21 03:04:30', NULL),
	(111, 'New Appointment', '\r\n        <div class=\'text-muted small mt-1\'>\r\n          <span><b>Joyce Ann Ferrer, Montero</b></span><br>\r\n          <span>Bloated</span><br>\r\n          <span>BPS Ultrasound</span><br>\r\n          <span>Nov 21, 2022 11:06 AM</span><br>\r\n        </div>', '2022-11-21 03:06:21', 14, 1, '2022-11-21 03:06:21', NULL),
	(112, 'New Appointment', '\r\n        <div class=\'text-muted small mt-1\'>\r\n          <span><b>Joyce Ann Ferrer, Montero</b></span><br>\r\n          <span>Stomach Ache </span><br>\r\n          <span>OB Doppler Ultrasound</span><br>\r\n          <span>Nov 21, 2022 11:08 AM</span><br>\r\n     ', '2022-11-21 03:08:37', 14, 1, '2022-11-21 03:08:37', NULL),
	(113, 'New Appointment', '\r\n        <div class=\'text-muted small mt-1\'>\r\n          <span><b>Charlene Cleofe, Gonzales</b></span><br>\r\n          <span>tite</span><br>\r\n          <span>TVS First Trimester Ultrasound</span><br>\r\n          <span>Nov 21, 2022 11:09 AM</span><br>\r\n     ', '2022-11-21 03:09:07', 32, 1, '2022-11-21 03:09:07', NULL),
	(114, 'New Appointment', '\r\n        <div class=\'text-muted small mt-1\'>\r\n          <span><b>Joyce Ann Ferrer, Montero</b></span><br>\r\n          <span>Continuous Bleeding</span><br>\r\n          <span>OB-GYN Consultation / Check Up</span><br>\r\n          <span>Nov 21, 2022 11:09 AM</s', '2022-11-21 03:09:33', 14, 1, '2022-11-21 03:09:33', NULL),
	(115, 'New Appointment', '\r\n        <div class=\'text-muted small mt-1\'>\r\n          <span><b>Joyce Ann Ferrer, Montero</b></span><br>\r\n          <span>Delayed</span><br>\r\n          <span>TVS First Trimester Ultrasound</span><br>\r\n          <span>Nov 21, 2022 11:10 AM</span><br>\r\n  ', '2022-11-21 03:10:25', 14, 1, '2022-11-21 03:10:25', NULL),
	(116, 'Appointment Approved', '\r\n        <div class=\'text-muted small mt-1\'>\r\n          <span><b>Charlene Cleofe, Gonzales</b></span><br>\r\n          <span>tite</span><br>\r\n          <span>TVS First Trimester Ultrasound</span><br>\r\n          <span>Nov 21, 2022 11:11 AM</span><br>\r\n     ', '2022-11-21 03:11:58', 32, 0, '2022-11-21 03:11:58', NULL),
	(117, 'Appointment Approved', '\r\n        <div class=\'text-muted small mt-1\'>\r\n          <span><b>Joyce Ann Ferrer Montero</b></span><br>\r\n          <span>Continuous Bleeding</span><br>\r\n          <span>OB-GYN Consultation / Check Up</span><br>\r\n          <span>Nov 21, 2022 11:12 AM</sp', '2022-11-21 03:12:12', 14, 0, '2022-11-21 03:12:12', NULL),
	(118, 'New Appointment', '\r\n        <div class=\'text-muted small mt-1\'>\r\n          <span><b>Jessa Montero, Solis</b></span><br>\r\n          <span>Delayed</span><br>\r\n          <span>TVS First Trimester Ultrasound</span><br>\r\n          <span>Nov 21, 2022 11:12 AM</span><br>\r\n       ', '2022-11-21 03:12:34', 18, 1, '2022-11-21 03:12:34', NULL),
	(119, 'New Appointment', '\r\n        <div class=\'text-muted small mt-1\'>\r\n          <span><b>Jessa Montero, Solis</b></span><br>\r\n          <span>Stomach Ache</span><br>\r\n          <span>OB Doppler Ultrasound</span><br>\r\n          <span>Nov 21, 2022 11:13 AM</span><br>\r\n        </d', '2022-11-21 03:13:27', 18, 1, '2022-11-21 03:13:27', NULL),
	(120, 'New Appointment', '\r\n        <div class=\'text-muted small mt-1\'>\r\n          <span><b>Jessa Montero, Solis</b></span><br>\r\n          <span>bloated</span><br>\r\n          <span>OB-GYN Consultation / Check Up</span><br>\r\n          <span>Nov 21, 2022 11:13 AM</span><br>\r\n       ', '2022-11-21 03:13:48', 18, 1, '2022-11-21 03:13:48', NULL),
	(121, 'New Appointment', '\r\n        <div class=\'text-muted small mt-1\'>\r\n          <span><b>Jessa Montero, Solis</b></span><br>\r\n          <span>Bloated</span><br>\r\n          <span>OTHERS</span><br>\r\n          <span>Nov 21, 2022 11:15 AM</span><br>\r\n        </div>', '2022-11-21 03:15:03', 18, 1, '2022-11-21 03:15:03', NULL),
	(122, 'New Appointment', '\r\n        <div class=\'text-muted small mt-1\'>\r\n          <span><b>Jessa Montero, Solis</b></span><br>\r\n          <span>Continuous Bleeding</span><br>\r\n          <span>OTHERS</span><br>\r\n          <span>Nov 21, 2022 11:15 AM</span><br>\r\n        </div>', '2022-11-21 03:15:52', 18, 1, '2022-11-21 03:15:52', NULL),
	(123, 'Appointment Approved', '\r\n        <div class=\'text-muted small mt-1\'>\r\n          <span><b>Jessa Montero, Solis</b></span><br>\r\n          <span>bloated</span><br>\r\n          <span>OB-GYN Consultation / Check Up</span><br>\r\n          <span>Nov 21, 2022 11:18 AM</span><br>\r\n       ', '2022-11-21 03:18:41', 18, 0, '2022-11-21 03:18:41', NULL),
	(124, 'Appointment Rejected/Cancelled', '\r\n        <div class=\'text-muted small mt-1\'>\r\n          <span><b>Joyce Ann Ferrer Montero</b></span><br>\r\n          <span>Stomach Ache </span><br>\r\n          <span>OB Doppler Ultrasound</span><br>\r\n          <span>Nov 21, 2022 11:41 AM</span><br>\r\n      ', '2022-11-21 03:41:37', 14, 0, '2022-11-21 03:41:37', NULL),
	(125, 'Appointment Approved', '\r\n        <div class=\'text-muted small mt-1\'>\r\n          <span><b>Joyce Ann Ferrer Montero</b></span><br>\r\n          <span>delayed</span><br>\r\n          <span>OB-GYN Consultation / Check Up</span><br>\r\n          <span>Nov 21, 2022 12:30 PM</span><br>\r\n   ', '2022-11-21 04:30:38', 14, 0, '2022-11-21 04:30:38', NULL),
	(126, 'Appointment Approved', '\r\n        <div class=\'text-muted small mt-1\'>\r\n          <span><b>Jessa Montero, Solis</b></span><br>\r\n          <span>Continuous Bleeding</span><br>\r\n          <span>OTHERS</span><br>\r\n          <span>Nov 21, 2022 23:42 PM</span><br>\r\n        </div>', '2022-11-21 15:42:01', 18, 0, '2022-11-21 15:42:01', NULL),
	(127, 'Appointment Approved', '\r\n        <div class=\'text-muted small mt-1\'>\r\n          <span><b>Jessa Montero, Solis</b></span><br>\r\n          <span>Bloated</span><br>\r\n          <span>OTHERS</span><br>\r\n          <span>Nov 21, 2022 23:42 PM</span><br>\r\n        </div>', '2022-11-21 15:42:06', 18, 0, '2022-11-21 15:42:06', NULL),
	(128, 'Appointment Approved', '\r\n        <div class=\'text-muted small mt-1\'>\r\n          <span><b>Jessa Montero, Solis</b></span><br>\r\n          <span>Stomach Ache</span><br>\r\n          <span>OB Doppler Ultrasound</span><br>\r\n          <span>Nov 21, 2022 23:42 PM</span><br>\r\n        </d', '2022-11-21 15:42:15', 18, 0, '2022-11-21 15:42:15', NULL),
	(129, 'Appointment Approved', '\r\n        <div class=\'text-muted small mt-1\'>\r\n          <span><b>Jessa Montero, Solis</b></span><br>\r\n          <span>Delayed</span><br>\r\n          <span>TVS First Trimester Ultrasound</span><br>\r\n          <span>Nov 21, 2022 23:42 PM</span><br>\r\n       ', '2022-11-21 15:42:20', 18, 0, '2022-11-21 15:42:20', NULL),
	(130, 'Appointment Approved', '\r\n        <div class=\'text-muted small mt-1\'>\r\n          <span><b>Joyce Ann Ferrer Montero</b></span><br>\r\n          <span>Delayed</span><br>\r\n          <span>TVS First Trimester Ultrasound</span><br>\r\n          <span>Nov 21, 2022 23:42 PM</span><br>\r\n   ', '2022-11-21 15:42:26', 14, 0, '2022-11-21 15:42:26', NULL),
	(131, 'Appointment Approved', '\r\n        <div class=\'text-muted small mt-1\'>\r\n          <span><b>Joyce Ann Ferrer Montero</b></span><br>\r\n          <span>Bloated</span><br>\r\n          <span>BPS Ultrasound</span><br>\r\n          <span>Nov 21, 2022 23:42 PM</span><br>\r\n        </div>', '2022-11-21 15:42:32', 14, 0, '2022-11-21 15:42:32', NULL),
	(132, 'New Announcement', '\r\n        <div class=\'text-muted small mt-1\'>\r\n          <span><b>Temporary Close</b></span><br>\r\n          <span>Due to scheduled power interruption, the clinic will be temporary close on sunday and will return in monday. See you! </span><br>\r\n          ', '2022-11-21 16:36:38', 0, 0, '2022-11-21 16:36:38', NULL),
	(133, 'New Appointment', '\r\n        <div class=\'text-muted small mt-1\'>\r\n          <span><b>Kaye Celine S Urayan</b></span><br>\r\n          <span>Dysmenorrhea </span><br>\r\n          <span>OB-GYN Consultation / Check Up</span><br>\r\n          <span>Nov 22, 2022 17:56 PM</span><br>\r\n ', '2022-11-22 09:56:53', 1, 1, '2022-11-22 09:56:53', NULL),
	(134, 'Appointment Approved', '\r\n        <div class=\'text-muted small mt-1\'>\r\n          <span><b>Kaye Celine S Urayan</b></span><br>\r\n          <span>Dysmenorrhea </span><br>\r\n          <span>OB-GYN Consultation / Check Up</span><br>\r\n          <span>Nov 22, 2022 17:57 PM</span><br>\r\n ', '2022-11-22 09:57:30', 1, 0, '2022-11-22 09:57:30', NULL),
	(135, 'New Appointment', '\r\n        <div class=\'text-muted small mt-1\'>\r\n          <span><b>Kaye Celine S Urayan</b></span><br>\r\n          <span>Test</span><br>\r\n          <span>OTHERS</span><br>\r\n          <span>Nov 22, 2022 17:59 PM</span><br>\r\n        </div>', '2022-11-22 09:59:19', 1, 1, '2022-11-22 09:59:19', NULL),
	(136, 'Appointment Rejected/Cancelled', '\r\n        <div class=\'text-muted small mt-1\'>\r\n          <span><b>Kaye Celine S Urayan</b></span><br>\r\n          <span>Test</span><br>\r\n          <span>OTHERS</span><br>\r\n          <span>Nov 22, 2022 18:02 PM</span><br>\r\n        </div>', '2022-11-22 10:02:29', 1, 0, '2022-11-22 10:02:29', NULL),
	(137, 'New Appointment', '\r\n        <div class=\'text-muted small mt-1\'>\r\n          <span><b>Merilyn Amployo, Blanco</b></span><br>\r\n          <span>n/a</span><br>\r\n          <span>OB-GYN Consultation / Check Up</span><br>\r\n          <span>Nov 23, 2022 11:51 AM</span><br>\r\n        ', '2022-11-23 03:51:39', 35, 1, '2022-11-23 03:51:39', NULL),
	(138, 'Appointment Approved', '\r\n        <div class=\'text-muted small mt-1\'>\r\n          <span><b>Merilyn Amployo, Blanco</b></span><br>\r\n          <span>n/a</span><br>\r\n          <span>OB-GYN Consultation / Check Up</span><br>\r\n          <span>Nov 23, 2022 11:55 AM</span><br>\r\n        ', '2022-11-23 03:55:17', 35, 0, '2022-11-23 03:55:17', NULL),
	(139, 'New Appointment', '\r\n        <div class=\'text-muted small mt-1\'>\r\n          <span><b>Merilyn Amployo, Blanco</b></span><br>\r\n          <span>n/a</span><br>\r\n          <span>Pap Smear</span><br>\r\n          <span>Nov 23, 2022 11:57 AM</span><br>\r\n        </div>', '2022-11-23 03:57:37', 35, 1, '2022-11-23 03:57:37', NULL),
	(140, 'New Appointment', '\r\n        <div class=\'text-muted small mt-1\'>\r\n          <span><b>Merilyn Amployo, Blanco</b></span><br>\r\n          <span>n/a</span><br>\r\n          <span>OB Doppler Ultrasound</span><br>\r\n          <span>Nov 23, 2022 11:59 AM</span><br>\r\n        </div>', '2022-11-23 03:59:35', 35, 1, '2022-11-23 03:59:35', NULL),
	(141, 'New Appointment', '\r\n        <div class=\'text-muted small mt-1\'>\r\n          <span><b>Athenna Kielcie Casilag. Dela Vega</b></span><br>\r\n          <span>Masakit po puson ko. </span><br>\r\n          <span>OB-GYN Consultation / Check Up</span><br>\r\n          <span>Nov 23, 2022 ', '2022-11-23 04:00:27', 46, 1, '2022-11-23 04:00:27', NULL),
	(142, 'New Appointment', '\r\n        <div class=\'text-muted small mt-1\'>\r\n          <span><b>Athenna Kielcie Casilag. Dela Vega</b></span><br>\r\n          <span>Medyo nahihilo po ako, mayron ako mens. </span><br>\r\n          <span>OB-GYN Consultation / Check Up</span><br>\r\n          ', '2022-11-23 04:05:32', 46, 1, '2022-11-23 04:05:32', NULL),
	(143, 'New Appointment', '\r\n        <div class=\'text-muted small mt-1\'>\r\n          <span><b>Athenna Kielcie Casilag. Dela Vega</b></span><br>\r\n          <span>Ihi ako ng ihi</span><br>\r\n          <span>TVS First Trimester Ultrasound</span><br>\r\n          <span>Nov 23, 2022 12:06 P', '2022-11-23 04:06:58', 46, 1, '2022-11-23 04:06:58', NULL),
	(144, 'Appointment Approved', '\r\n        <div class=\'text-muted small mt-1\'>\r\n          <span><b>Athenna Kielcie Casilag. Dela Vega</b></span><br>\r\n          <span>Ihi ako ng ihi</span><br>\r\n          <span>TVS First Trimester Ultrasound</span><br>\r\n          <span>Nov 23, 2022 12:19 P', '2022-11-23 04:19:06', 46, 0, '2022-11-23 04:19:06', NULL),
	(145, 'Appointment Approved', '\r\n        <div class=\'text-muted small mt-1\'>\r\n          <span><b>Athenna Kielcie Casilag. Dela Vega</b></span><br>\r\n          <span>Medyo nahihilo po ako, mayron ako mens. </span><br>\r\n          <span>OB-GYN Consultation / Check Up</span><br>\r\n          ', '2022-11-23 04:19:28', 46, 0, '2022-11-23 04:19:28', NULL),
	(146, 'New Appointment', '\r\n        <div class=\'text-muted small mt-1\'>\r\n          <span><b>Zandrah Dela Cruz. Dizon</b></span><br>\r\n          <span>Mahapding pag ihi</span><br>\r\n          <span>OB-GYN Consultation / Check Up</span><br>\r\n          <span>Nov 23, 2022 12:34 PM</span', '2022-11-23 04:34:14', 54, 1, '2022-11-23 04:34:14', NULL),
	(147, 'Appointment Approved', '\r\n        <div class=\'text-muted small mt-1\'>\r\n          <span><b>Zandrah Dela Cruz. Dizon</b></span><br>\r\n          <span>Mahapding pag ihi</span><br>\r\n          <span>OB-GYN Consultation / Check Up</span><br>\r\n          <span>Nov 23, 2022 12:37 PM</span', '2022-11-23 04:37:01', 54, 0, '2022-11-23 04:37:01', NULL),
	(148, 'New Appointment', '\r\n        <div class=\'text-muted small mt-1\'>\r\n          <span><b>Merilyn Amployo, Blanco</b></span><br>\r\n          <span>Niregla nanaman ako eh </span><br>\r\n          <span>TVS Gyne Ultrasound</span><br>\r\n          <span>Nov 23, 2022 12:38 PM</span><br>\r', '2022-11-23 04:38:32', 35, 1, '2022-11-23 04:38:32', NULL),
	(149, 'New Appointment', '\r\n        <div class=\'text-muted small mt-1\'>\r\n          <span><b>Merilyn Amployo, Blanco</b></span><br>\r\n          <span>Ba\'y dina nasipa </span><br>\r\n          <span>BPS Ultrasound</span><br>\r\n          <span>Nov 23, 2022 12:39 PM</span><br>\r\n        </', '2022-11-23 04:39:57', 35, 1, '2022-11-23 04:39:57', NULL),
	(150, 'New Appointment', '\r\n        <div class=\'text-muted small mt-1\'>\r\n          <span><b>Zandrah Dela Cruz Dizon</b></span><br>\r\n          <span>Sakit puso ko pati aking pempem</span><br>\r\n          <span>TVS Gyne Ultrasound</span><br>\r\n          <span>Nov 23, 2022 12:41 PM</sp', '2022-11-23 04:41:20', 54, 1, '2022-11-23 04:41:20', NULL),
	(151, 'Appointment Approved', '\r\n        <div class=\'text-muted small mt-1\'>\r\n          <span><b>Zandrah Dela Cruz Dizon</b></span><br>\r\n          <span>Sakit puso ko pati aking pempem</span><br>\r\n          <span>TVS Gyne Ultrasound</span><br>\r\n          <span>Nov 23, 2022 12:41 PM</sp', '2022-11-23 04:41:41', 54, 0, '2022-11-23 04:41:41', NULL),
	(152, 'New Appointment', '\r\n        <div class=\'text-muted small mt-1\'>\r\n          <span><b>Kaye Celine S Urayan</b></span><br>\r\n          <span>Lakas regla</span><br>\r\n          <span>OB-GYN Consultation / Check Up</span><br>\r\n          <span>Nov 23, 2022 12:47 PM</span><br>\r\n   ', '2022-11-23 04:47:04', 1, 1, '2022-11-23 04:47:04', NULL),
	(153, 'Appointment Approved', '\r\n        <div class=\'text-muted small mt-1\'>\r\n          <span><b>Kaye Celine S Urayan</b></span><br>\r\n          <span>Lakas regla</span><br>\r\n          <span>OB-GYN Consultation / Check Up</span><br>\r\n          <span>Nov 23, 2022 12:47 PM</span><br>\r\n   ', '2022-11-23 04:47:20', 1, 0, '2022-11-23 04:47:20', NULL),
	(154, 'New Appointment', '\r\n        <div class=\'text-muted small mt-1\'>\r\n          <span><b>Ma. Andrei Sambayan. Linatoc</b></span><br>\r\n          <span>Irregular periods </span><br>\r\n          <span>OB-GYN Consultation / Check Up</span><br>\r\n          <span>Nov 23, 2022 12:54 PM<', '2022-11-23 04:54:35', 55, 1, '2022-11-23 04:54:35', NULL),
	(155, 'Appointment Approved', '\r\n        <div class=\'text-muted small mt-1\'>\r\n          <span><b>Ma. Andrei Sambayan. Linatoc</b></span><br>\r\n          <span>Irregular periods </span><br>\r\n          <span>OB-GYN Consultation / Check Up</span><br>\r\n          <span>Nov 23, 2022 12:55 PM<', '2022-11-23 04:55:13', 55, 0, '2022-11-23 04:55:13', NULL),
	(156, 'New Appointment', '\r\n        <div class=\'text-muted small mt-1\'>\r\n          <span><b>Ma. Andrei Sambayan. Linatoc</b></span><br>\r\n          <span>Follow up checkup</span><br>\r\n          <span>OB-GYN Consultation / Check Up</span><br>\r\n          <span>Nov 23, 2022 13:02 PM</', '2022-11-23 05:02:27', 55, 1, '2022-11-23 05:02:27', NULL),
	(157, 'Appointment Approved', '\r\n        <div class=\'text-muted small mt-1\'>\r\n          <span><b>Merilyn Amployo, Blanco</b></span><br>\r\n          <span>n/a</span><br>\r\n          <span>OB Doppler Ultrasound</span><br>\r\n          <span>Nov 23, 2022 14:42 PM</span><br>\r\n        </div>', '2022-11-23 06:42:41', 35, 0, '2022-11-23 06:42:41', NULL),
	(158, 'Appointment Approved', '\r\n        <div class=\'text-muted small mt-1\'>\r\n          <span><b>Merilyn Amployo, Blanco</b></span><br>\r\n          <span>Niregla nanaman ako eh </span><br>\r\n          <span>TVS Gyne Ultrasound</span><br>\r\n          <span>Nov 23, 2022 14:42 PM</span><br>\r', '2022-11-23 06:42:58', 35, 0, '2022-11-23 06:42:58', NULL),
	(159, 'Appointment Approved', '\r\n        <div class=\'text-muted small mt-1\'>\r\n          <span><b>Athenna Kielcie Casilag. Dela Vega</b></span><br>\r\n          <span>Masakit po puson ko. </span><br>\r\n          <span>OB-GYN Consultation / Check Up</span><br>\r\n          <span>Nov 23, 2022 ', '2022-11-23 10:14:46', 46, 0, '2022-11-23 10:14:46', NULL),
	(160, 'Appointment Approved', '\r\n        <div class=\'text-muted small mt-1\'>\r\n          <span><b>Merilyn Amployo, Blanco</b></span><br>\r\n          <span>Ba\'y dina nasipa </span><br>\r\n          <span>BPS Ultrasound</span><br>\r\n          <span>Nov 23, 2022 18:14 PM</span><br>\r\n        </', '2022-11-23 10:14:57', 35, 0, '2022-11-23 10:14:57', NULL),
	(161, 'Appointment Approved', '\r\n        <div class=\'text-muted small mt-1\'>\r\n          <span><b>Merilyn Amployo, Blanco</b></span><br>\r\n          <span>n/a</span><br>\r\n          <span>Pap Smear</span><br>\r\n          <span>Nov 23, 2022 18:15 PM</span><br>\r\n        </div>', '2022-11-23 10:15:04', 35, 0, '2022-11-23 10:15:04', NULL),
	(162, 'New Appointment', '\r\n        <div class=\'text-muted small mt-1\'>\r\n          <span><b>Kaye Celine S Urayan</b></span><br>\r\n          <span>lakas regla</span><br>\r\n          <span>OB-GYN Consultation / Check Up</span><br>\r\n          <span>Nov 23, 2022 22:57 PM</span><br>\r\n   ', '2022-11-23 14:57:43', 1, 1, '2022-11-23 14:57:43', NULL),
	(163, 'Appointment Approved', '\r\n        <div class=\'text-muted small mt-1\'>\r\n          <span><b>Kaye Celine S Urayan</b></span><br>\r\n          <span>lakas regla</span><br>\r\n          <span>OB-GYN Consultation / Check Up</span><br>\r\n          <span>Nov 23, 2022 22:58 PM</span><br>\r\n   ', '2022-11-23 14:58:18', 1, 0, '2022-11-23 14:58:18', NULL),
	(164, 'New Appointment', '\r\n        <div class=\'text-muted small mt-1\'>\r\n          <span><b>Zandrah Dela Cruz Dizon</b></span><br>\r\n          <span>Masakit ang tete ko</span><br>\r\n          <span>BPS Ultrasound</span><br>\r\n          <span>Nov 23, 2022 23:03 PM</span><br>\r\n        ', '2022-11-23 15:03:55', 54, 1, '2022-11-23 15:03:55', NULL),
	(165, 'New Appointment', '<div class=\'text-muted small mt-1\'><span><b>Kaye Celine S Urayan</b></span><br><span>qwe</span><br><span>Pap Smear</span><br><span>Dec 13, 2022 01:08 AM</span><br></div>', '2022-12-13 08:08:44', 1, 1, '2022-12-13 08:08:44', NULL),
	(166, 'Appointment Approved', '<div class=\'text-muted small mt-1\'><span><b>Kaye Celine S Urayan</b></span><br><span>qwe</span><br><span>Pap Smear</span><br><span>Dec 13, 2022 01:12 AM</span><br></div>', '2022-12-13 08:12:43', 1, 0, '2022-12-13 08:12:43', NULL);

-- Dumping structure for table db_lj_clinic.tbl_period_calendar
DROP TABLE IF EXISTS `tbl_period_calendar`;
CREATE TABLE IF NOT EXISTS `tbl_period_calendar` (
  `id` int(11) NOT NULL AUTO_INCREMENT,
  `user_id` int(11) NOT NULL DEFAULT 0,
  `title` varchar(50) DEFAULT NULL,
  `description` varchar(50) DEFAULT NULL,
  `start` date DEFAULT NULL,
  `end` date DEFAULT NULL COMMENT '-1 day if you can see in the calendar',
  `created_at` datetime DEFAULT current_timestamp(),
  `updated_at` datetime DEFAULT NULL ON UPDATE current_timestamp(),
  PRIMARY KEY (`id`)
) ENGINE=InnoDB AUTO_INCREMENT=30 DEFAULT CHARSET=utf8mb4;

-- Dumping data for table db_lj_clinic.tbl_period_calendar: ~1 rows (approximately)
REPLACE INTO `tbl_period_calendar` (`id`, `user_id`, `title`, `description`, `start`, `end`, `created_at`, `updated_at`) VALUES
	(21, 20, 'Nov. Mens', NULL, '2022-11-01', '2022-11-08', '2022-11-19 06:54:46', NULL);

-- Dumping structure for table db_lj_clinic.tbl_services
DROP TABLE IF EXISTS `tbl_services`;
CREATE TABLE IF NOT EXISTS `tbl_services` (
  `id` int(11) NOT NULL AUTO_INCREMENT,
  `service_title` varchar(50) DEFAULT NULL,
  `description` longtext NOT NULL,
  `duration` varchar(50) DEFAULT NULL,
  `amount` double(10,2) NOT NULL DEFAULT 0.00,
  `is_deleted` int(1) NOT NULL DEFAULT 0 COMMENT '0 is not delete 1 is for delete',
  `created_at` datetime DEFAULT current_timestamp(),
  `updated_at` datetime DEFAULT NULL ON UPDATE current_timestamp(),
  PRIMARY KEY (`id`)
) ENGINE=InnoDB AUTO_INCREMENT=28 DEFAULT CHARSET=utf8mb4;

-- Dumping data for table db_lj_clinic.tbl_services: ~9 rows (approximately)
REPLACE INTO `tbl_services` (`id`, `service_title`, `description`, `duration`, `amount`, `is_deleted`, `created_at`, `updated_at`) VALUES
	(1, 'OB-GYN Consultation / Check Up', 'Gynecologists regularly undertake diagnostic procedures called "gynaecology consultations" to examine the health of the female reproductive system as a whole and to look for illnesses and infections. It might also have something to do with preconception, prenatal, and maternal care to a certain extent.', '15 mins', 700.00, 0, '2022-08-23 16:54:55', '2022-11-19 05:27:47'),
	(2, 'Pelvic Ultrasound', '14 to 40 weeks pregnant\nTransabdominal produces images by the non-invasive diagnostic process known as a pelvic ultrasound are used to assess the female pelvic organs and tissues. During a pelvic ultrasound of a female patient, the uterus, cervix, vagina, fallopian tubes, and ovaries can all be rapidly viewed.', '15 mins', 700.00, 0, '2022-08-23 16:55:08', '2022-11-19 05:27:23'),
	(3, 'BPS Ultrasound', '35-40 weeks pregnant\nA Biophysical Profile\'s rating (BPS or BPP)\nA test that evaluates the health of the fetus is the biophysical profile. The biophysical profile of the fetus is assessed using cardiotocography (CTG), also known as electronic fetal heart rate monitoring, and ultrasound.\n', '15 mins', 1300.00, 0, '2022-08-23 16:55:24', '2022-11-19 05:27:03'),
	(4, 'TVS First Trimester Ultrasound', '5-13 weeks pregnant\nThis type of ultrasound is an internal examination and is done transvaginal, meaning "through the vagina." It confirms  intrauterine pregnancies, establishes accurate dating, and is important in diagnosing early pregnancy failure and ectopic pregnancies.', '15 mins', 1500.00, 0, '2022-08-23 16:55:37', '2022-11-19 05:26:18'),
	(5, 'TVS Gyne Ultrasound', 'Transvaginal Ultrasound is a test for women who has irregular menstruation, myoma, polycystic, ovarian mass and pelvic mass.', '15 mins', 2000.00, 0, '2022-08-23 16:55:43', '2022-11-19 05:24:40'),
	(6, 'Transrectal Ultrasound', 'Transrectal Ultrasound is used to look for abnormalities in the rectum and nearby structures, including the prostate. Also called endorectal ultrasound, ERUS, and TRUS.', '15 mins', 2200.00, 0, '2022-08-23 16:56:02', '2022-11-19 05:25:18'),
	(7, 'OB Doppler Ultrasound', '13 to 28 weeks pregnant \nOB Doppler Ultrasound is a test that uses sound waves to listen to your baby\'s heartbeat. A handheld instrument is used to detect changes in movement that are converted into sound in this particular sort of ultrasonography.', '15 mins', 3500.00, 0, '2022-08-23 16:56:10', '2022-11-19 05:23:35'),
	(8, 'Pap Smear', 'A Pap Smear  is a treatment used to check women for cervical cancer. Cells from your cervix, which is the lower, thin end of your uterus that is at the top of your vagina, are collected for a Pap smear. You have a better chance of being cured if cervical cancer is found early thanks to a Pap smear.', '15 mins', 1700.00, 0, '2022-08-23 16:56:23', '2022-11-19 05:25:48'),
	(9, 'OTHERS', '', '15 mins', 0.00, 0, '2022-08-23 16:56:33', NULL);

-- Dumping structure for table db_lj_clinic.tbl_user
DROP TABLE IF EXISTS `tbl_user`;
CREATE TABLE IF NOT EXISTS `tbl_user` (
  `id` int(11) NOT NULL AUTO_INCREMENT,
  `fname` varchar(50) DEFAULT NULL,
  `mname` varchar(50) DEFAULT NULL,
  `lname` varchar(50) DEFAULT NULL,
  `fullname` varchar(50) DEFAULT NULL,
  `address` varchar(150) DEFAULT NULL,
  `contactno` varchar(50) DEFAULT NULL,
  `email` varchar(50) DEFAULT NULL,
  `password` varchar(50) DEFAULT NULL,
  `role` int(1) NOT NULL DEFAULT 0 COMMENT '0 for user 1 for admin',
  `email_verification` varchar(255) NOT NULL DEFAULT '',
  `is_deleted` int(11) DEFAULT 0,
  `created_at` datetime NOT NULL DEFAULT current_timestamp(),
  `updated_at` datetime DEFAULT NULL ON UPDATE current_timestamp(),
  PRIMARY KEY (`id`)
) ENGINE=InnoDB AUTO_INCREMENT=56 DEFAULT CHARSET=utf8mb4;

-- Dumping data for table db_lj_clinic.tbl_user: ~41 rows (approximately)
REPLACE INTO `tbl_user` (`id`, `fname`, `mname`, `lname`, `fullname`, `address`, `contactno`, `email`, `password`, `role`, `email_verification`, `is_deleted`, `created_at`, `updated_at`) VALUES
	(1, 'Kaye Celine', 'S', 'Urayan', 'Kaye Celine S Urayan', 'Tinurik, Tanauan City Batangas', '09125041626', 'kayecelineurayan@gmail.com', '4297f44b13955235245b2497399d7a93', 0, '', 0, '2022-08-18 23:27:17', '2022-11-23 10:51:01'),
	(12, NULL, NULL, NULL, '1', '3', '2', 'ljcultrasoundclinic@gmail.com', '4297f44b13955235245b2497399d7a93', 1, '', 0, '2022-08-25 20:33:11', '2023-09-01 22:19:53'),
	(14, 'Joyce Ann', 'Ferrer', 'Montero', 'Joyce Ann Ferrer Montero', 'San Miguel Sto.Tomas City Batangas', '09467395514', 'jycnnmntr@gmail.com', 'f5bb0c8de146c67b44babbf4e6584cc0', 0, '', 0, '2022-11-18 12:04:19', '2022-11-21 03:10:39'),
	(15, 'Harold', 'Dimaano', 'Panganiban', 'Harold Dimaano, Panganiban', '1085, Darasa, Tanauan City, Batangas', '9064350227', 'haroldpanganiban27@gmail.com', 'e9b400beedf2b9bb02ab3d99cc5db65a', 0, '', 0, '2022-11-19 05:28:54', NULL),
	(16, 'Meriel', 'Gutierrez', 'Reao', 'Meriel Gutierrez, Reao', 'Darasa Tanauan City Batangas', '09219973048', 'memereano@gmail.com', '24b60a7cfeb6629089e345b675fc73ef', 0, '', 0, '2022-11-19 06:01:32', NULL),
	(17, 'patrick mathew', 'sanchez', 'carandang', 'patrick mathew sanchez, carandang', 'boot, tanauan city', '09262629438', 'carandangpatrickmathew@gmail.com', 'de3b9046e68b34267dd42562b0f49101', 0, '', 0, '2022-11-19 06:15:25', '2022-11-19 06:26:54'),
	(18, 'Jessa', 'Montero', 'Solis', 'Jessa Montero, Solis', 'San Miguel Sto.Tomas Batangas', '09070597130', 'ssamarie195@gmail.com', 'f0111585ccd190ba548c806a843f487a', 0, '', 0, '2022-11-19 06:25:08', NULL),
	(19, 'Hazel Montero', 'Ferer', 'Montero', 'Hazel Montero Ferer, Montero', '675 San Miguel Santo Tomas City, Batangas', '09757170887', 'hazelmontero.hm@gmail.com', '5ae4ca1dc490fd0935f2960c935708fa', 0, '', 0, '2022-11-19 06:28:28', NULL),
	(20, 'Stella', 'Dio', 'Hernandez', 'Stella Dio Hernandez', 'Sitio Dayapan, Bilogbilog, Tanauan City, Batangas', '09202464732', 'hrnndzstella.6@gmail.com', '0b77805cd3e999391842edc93af8d2b6', 0, '', 0, '2022-11-19 06:43:35', '2022-11-20 11:49:50'),
	(21, 'Jaelyn ', 'Cabiliza', 'Guerrero', 'Jaelyn  Cabiliza, Guerrero', 'San Pedro Sto. Tomas City, Batangas', '09386661524', 'jaelyncguerrero@gmail.com', '06464549cdcf4718ced98e554e4ad27e', 0, '', 0, '2022-11-19 06:52:17', NULL),
	(22, 'Mat Vincent', 'Lirio', 'Ranido', 'Mat Vincent Lirio, Ranido', 'Balele, Tanauan City, Batangas', '09761647589', 'vincentranido01@gmail.com', 'fde85f481e71df442925d070893fb563', 0, '', 0, '2022-11-19 07:02:32', NULL),
	(23, 'Heiselle', 'Medialdia ', 'Geling', 'Heiselle Medialdia , Geling', '0316 Purok 2 San Pedro Sto.Tomas City Batangas ', '09301068956', 'heisellegeling08@gmail.com', 'f5e85d18cca6febd58e0b2d6f0e18024', 0, '', 0, '2022-11-19 07:16:18', NULL),
	(24, 'ARJAELYN', '', 'URAYAN', 'ARJAELYN  URAYAN', 'Tinurik Tanauan City Batangas', '09954427408', 'urayanarjaelyn@gmail.com', '3282e920751668b72c4ea34c7843b3b6', 0, '', 0, '2022-11-19 08:03:34', '2022-11-27 18:08:45'),
	(25, 'Eunice ', 'Barillos', 'Urayan', 'Eunice  Barillos, Urayan', 'Tinurik Tanauan ', '09150574841', 'euniceurayan17@gmail.com', 'c11840f45435b7baefb6b93e5f9e1071', 0, '', 0, '2022-11-19 08:30:27', NULL),
	(26, 'Cristine', 'Urayan', 'Abarra', 'Cristine Urayan Abarra', 'Tinurik', '09215479707', '2121134@ub.edu.ph', 'd0d1ac1c1a0918164eb469af135f18dd', 0, '', 0, '2022-11-19 08:35:15', '2022-11-19 08:49:23'),
	(27, 'Jinelle', 'Delina', 'Montero', 'Jinelle Delina, Montero', 'San Miguel Sto.Tomas City Batangas', '09293126375', 'jinellemontero1028@gmail.com', '400ce5f4df2db6807a44444b89faa417', 0, '', 0, '2022-11-19 09:11:19', NULL),
	(28, 'Raymond Christian ', 'Guerrero ', 'Gutierrez', 'Raymond Christian  Guerrero , Gutierrez', 'BLK 10 LT 34 San Bernardo Village', '09494035789', 's2019102970@firstasia.edu.ph', '25d55ad283aa400af464c76d713c07ad', 0, '', 0, '2022-11-19 09:28:15', NULL),
	(29, 'Erika', 'C', 'Claus', 'Erika C, Claus', 'Sta Maria', '09184581622', 'erikaclaus3@gmail.com', 'efe0b21e02cb416cc1cda4295c3fcd60', 0, '', 0, '2022-11-19 09:50:21', NULL),
	(30, 'cendee', 'urayan', 'mendoza', 'cendee urayan, mendoza', 'tinurik tanauan city batangas', '09151049058', 'mendozacendeeu12@gmail.com', '5bb2e270daf5cb6b5c0f24ec69683b8d', 0, '', 0, '2022-11-19 10:42:03', NULL),
	(31, 'Lei', '', 'Jenzel', 'Lei , Jenzel', 'Sitio Dayapan Bilogbilog Tanauan City ', '09511666923', 'leijenzelgonzales@gmail.com', '43649da641a141a1ee72fb7f3f52b32d', 0, '', 0, '2022-11-19 11:03:31', NULL),
	(32, 'Charlene', 'Cleofe', 'Gonzales', 'Charlene Cleofe, Gonzales', 'Villa de Lipa 1, Blk 2 Lot 7, Marawoy, Lipa City', '09915965773', 'charlenegonzales04.cg@gmail.com', '6bb02b9216e00e07e59f66787653dd18', 0, '', 0, '2022-11-19 11:28:01', NULL),
	(33, 'Ella', 'Morada', 'Villapando', 'Ella Morada, Villapando', 'Plaridel, Lipa City Batangas', '09353910256', 'villapandoella08@gmail.com', '15cd980c657aa3bc339245ed2ad45b24', 0, '', 0, '2022-11-19 12:52:37', NULL),
	(34, 'Karen', 'Latayan', 'Royo', 'Karen Latayan, Royo', 'San Andres Malvar ', '09123456789', 'karenlatayanr@gmail.com', '3f90d0220181f6b9b6a7abd079055a10', 0, '', 0, '2022-11-19 12:56:44', NULL),
	(35, 'Merilyn', 'Amployo', 'Blanco', 'Merilyn Amployo, Blanco', 'San Miguel Sto.Tomas Batangas', '09293126418', 'blancomerilyn4@gmail.com', '69bca9347bb18a4cb2a90ef892b9ae6e', 0, '', 0, '2022-11-19 12:57:04', NULL),
	(36, 'Bernadette ', 'Cabiliza ', 'Guerrero', 'Bernadette  Cabiliza , Guerrero', 'San Pedro, Sto. Tomas City, Batangas', '09388748933', 'bernadetteguerrero4@gmail.com', '4861463da295edc725773ff22a3a1bd3', 0, '', 0, '2022-11-19 12:59:55', NULL),
	(37, 'Juan', 'Tongue', 'Cross', 'Juan Tongue, Cross', 'Tanauan City, Batangas', '09761647589', 'juantonguecross1@gmail.com', '665a786152eff481cbbc1802228242d3', 0, '', 0, '2022-11-19 13:17:53', '2022-11-19 13:36:07'),
	(38, 'Ma.Crizle', 'San Juan', 'Montero', 'Ma.Crizle San Juan, Montero', 'San Miguel Sto.tomas Batangas', '09977350607', 'crizlemontero13@gmail.com', '1665b156358a5a1d952788130a443716', 0, '', 0, '2022-11-19 13:23:10', NULL),
	(42, 'Janeth', 'Magsino', 'Medina', 'Janeth Magsino, Medina', 'Ambulong, Tanauan City Batangas', '09158178742', 'medinamagsinojaneth@gmail.com', '2010bb0fa56527a12c8e06c4584e16d0', 0, '', 0, '2022-11-20 00:24:19', '2022-11-20 00:24:37'),
	(43, 'Arlyne', 'Dio', 'Hernandez', 'Arlyne Dio, Hernandez', 'Sitio Dayapan, Bilogbilog, Tanauan City, Batangas', '09356587083', 'enylra5@gmail.com', '430244540aa38ff181545cb0d539f038', 0, '', 0, '2022-11-20 01:05:18', '2022-11-20 01:05:41'),
	(44, 'Krisha Mae', 'Canja', 'Piamonte', 'Krisha Mae Canja, Piamonte', '476', '09092980491', 'piamontekrishamaee@gmail.com', 'c8968035ccf42dddef200d83c9b74e03', 0, '', 0, '2022-11-20 01:21:43', '2022-11-20 01:22:09'),
	(45, 'joshua', 'carandang', 'garcia', 'joshua carandang. garcia', 'boot', '09262629438', 'patrickmathew.carandang@g.batstate-u.edu.ph', '25d55ad283aa400af464c76d713c07ad', 0, '', 0, '2022-11-21 02:22:06', '2022-11-21 02:22:30'),
	(46, 'Athenna Kielcie', 'Casilag', 'Dela Vega', 'Athenna Kielcie Casilag. Dela Vega', 'Kinalaglagan Mataasnakahoy Batangas', '09285684805', 'athennakielcieee@gmail.com', '54d719bd6543199fa822d2e282fb1778', 0, '', 0, '2022-11-23 03:57:07', '2022-11-23 03:58:35'),
	(47, 'Zandrah', 'DelaCruz', 'Dizon', 'Zandrah DelaCruz. Dizon', 'Sulpo tanauan city', '09301111111', 'zandyyy', 'd8578edf8458ce06fbc5bb76a58c5ca4', 0, '7RFdPj6HFbAEJbDG2GsTmm7zRXA1QcvdzLIwGDWSMkqAah9XDTX5usK1Qoq8KkxO', 0, '2022-11-23 04:04:51', NULL),
	(48, 'Zandrah', 'DelaCruz', 'Dizon', 'Zandrah DelaCruz. Dizon', 'Sulpo tanauan city', '09301111111', 'zandyyy16', 'd8578edf8458ce06fbc5bb76a58c5ca4', 0, 'iz2MSvgfhrqFnv9ZYYULsUuRVrz7UPXvUucTtE7cnM0J6caq3cY3cGDc6YaaE8Ld', 0, '2022-11-23 04:05:04', NULL),
	(49, 'Zandrah', 'DelaCruz', 'Dizon', 'Zandrah DelaCruz. Dizon', 'Sulpo tanauan city', '09301111111', 'zandy162000', 'd8578edf8458ce06fbc5bb76a58c5ca4', 0, 'sPqNqoSSencBm02tPNt2kcZksTicsdhvx4Fsgk1DGlDBXUY3QAt5V85rBUiKt0UH', 0, '2022-11-23 04:05:23', NULL),
	(50, 'zandrah', 'Dela Cruz', 'Dizon', 'zandrah Dela Cruz. Dizon', 'bagumbayab', '09190000000', 'zandrahD16qwerty', '12478e7ad0e39aa9c35be4b9a694ba9b', 0, 'lHRAvDma8ROAr7b6jn2qzXZQH9UxDL7dj44dyf7lRB7pqlkw20yiIkMuXz4VnfcE', 0, '2022-11-23 04:09:06', NULL),
	(51, 'zandrah', 'Dela Cruz', 'Dizon', 'zandrah Dela Cruz. Dizon', 'bagumbayab', '09190000000', 'zandrahD16qwerty@gmail.com', '12478e7ad0e39aa9c35be4b9a694ba9b', 0, 'UKh7pB3n1alUFiZGvBCbTnEGdHhxmusNXk6a1djsUR85W5bo9QGUNETis97gxLt3', 0, '2022-11-23 04:09:29', NULL),
	(52, 'mama edna', 'dragon', 'kada umaga', 'mama edna dragon. kada umaga', 'brgy sulpoc', '0912345678', 'ednag@gmail.don', 'd8578edf8458ce06fbc5bb76a58c5ca4', 0, 'vhppNSOsrU2W0Auw55mjzffpdHR6OQtxtJJSERgYLoMj2935kAPd84PXIROZZFHg', 0, '2022-11-23 04:27:02', NULL),
	(53, 'zandy', 'delacruz', 'zandrah', 'zandy delacruz. zandrah', 'sulpoc', '0919765432', 'zandy@gmail.com', 'd8578edf8458ce06fbc5bb76a58c5ca4', 0, 'ZDgWcJIaW3vIXh6Ij3jL5Gbvb6obBi6dLM1BgK3n5t2817Ds1CpVri5LnnEvRtfY', 0, '2022-11-23 04:28:26', NULL),
	(54, 'Zandrah', 'Dela Cruz', 'Dizon', 'Zandrah Dela Cruz Dizon', 'sulpoc', '09197650594', 'zandrah16delacruz@gmail.com', 'b3aaca4e646fe60ace13ce8b8e9bd0a2', 0, '', 0, '2022-11-23 04:32:04', '2022-11-23 04:39:38'),
	(55, 'Ma. Andrei', 'Sambayan', 'Linatoc', 'Ma. Andrei Sambayan. Linatoc', 'Anilao Lipa City', '09278217564', 'linatocandreima@gmail.com', '9c374b40b1cb0803a0dcc8889414fc0a', 0, '', 0, '2022-11-23 04:40:52', '2022-11-23 04:41:38');

